seller_id,risk_score,gmv,gmv_at_risk_weighted
0db783cfcd3b73998abc6e10e59a102f,0.34505658100452696,9077.399999999994,3132.216608410491
37515688008a7a40ac93e3b2e4ab203f,0.18608371402206314,5954.099999999993,1107.9610416587648
610f72e407cdd7caaa2f8167b0163fd8,0.7580790275039114,13585.16,10298.624881285037
efcd8d2104f1a05d028af7bad20d974b,0.7435202462348175,2384.7899999999995,1773.13964801833
77530e9772f57a62c906e1c21538ab82,0.21758024587118371,45676.600000000035,9938.325858559718
5b2e94f2c22b39ccc24d34ad0f669672,0.8253126728965023,949.78,783.86547046364
165fc07beebdcb6190fba8a06db2a449,0.828224638106907,17481.399999999994,14478.52618860208
8c9348f33ae3dada25c99c99ade2af78,0.6705799577793008,312.99,209.88482098534337
113e3a788b935f48aad63e1c41dac1bd,0.7559214849211676,847.3500000000003,640.5300702479516
d98eec89afa3380e14463da2aabaea72,0.2750835879024226,6968.529999999977,1916.9282348056627
0691148aee60ca47977c187804f935ae,0.8121417562712343,5868.509999999998,4766.0620180953
08061dc0fc165ed41288cc7acde738ee,0.8484694959947569,123.80000000000001,105.0405236041509
da8622b14eb17ae2831f4ac5b9dab84a,4.4657018577720153e-07,159816.8699999954,0.07136944932622881
87d30a6a0cbf89356e49324971ab1d24,0.8154316691278568,2134.13,1740.2371880358332
850f4f8af5ea87287ac68de36e29107f,0.4248506615662724,45285.37000000004,19239.51940377344
a5a1bfcf728ab0e19182959cf0771ee4,0.6976170201692375,1812.9600000000007,1264.7517528860214
cac876b37d3abcd6bd76caca30277996,0.6672985772619028,2229.770000000001,1487.9223486212736
17a053fcb14bd219540cbde0df490be0,0.6687225668380795,40353.240000000114,26985.12223303314
04aba03279157f6d4e0fe8ccaf21963c,0.8707597976131547,2416.0,2103.7556710333815
3bb548e3cb7f70f28e3f11ee9dce0e59,0.8495139447249086,7690.019999999997,6532.779225213439
f9903dd0f812c7e771fcad47b6fff231,0.7900551317707295,1684.8500000000001,1331.1243887639137
8602a61d680a10a82cceeeda0d99ea3d,0.7938195345909876,826.99,656.4808169114009
259f7b5e6e482c230e5bfaa670b6bb8f,0.33264405125841406,8393.139999999976,2791.9280923790375
e26901d5ab434ce92fd9b5c256820a4e,0.1345679265438153,11601.499999999953,1561.1897997980668
d94a40fd42351c259927028d163af842,0.6968807288280403,13674.800000000001,9529.704590577687
01bcc9d254a0143f0ce9791b960b2a47,0.9094378266003,1393.21,1267.037874397804
afe0067131b73e40875c9b6c10bd2e21,0.8518532817363047,5040.499999999999,4293.766466591843
1d4587203296c8f4ad134dc286fa6db0,0.7981811272939832,2287.500000000001,1825.839328684987
23613d49c3ac2bd302259e55c06c050c,0.7098508014338246,4193.100000000003,2976.475395492172
508808d438fe2ff972ed13bb8f4a82e2,0.6827042406975253,234.84000000000003,160.32626388540686
6c1b6d0c604b776f844125f911eb7377,0.935753761289748,327.07,306.05698270503785
aae5e7b457a3c72ee230a47d98fceda5,0.7179840525988482,604.8,434.2367550117834
9baf5cb77970f539089d09a38bcec5c3,0.6520123197819103,5989.679999999996,3905.3451515513098
7901646fdd36a55f564ffaf2dbccaaf7,0.826148522543668,11857.079999999998,9795.709123682072
e59aa562b9f8076dd550fcddf0e73491,0.8579947313279109,30716.3,26354.42356588751
ec8879960bd2221d5c32f8e12f7da711,0.8151867569478062,3957.5000000000023,3226.101590620945
5f2684dab12e59f83bef73ae57724e45,0.7122035610004006,8870.969999999987,6317.936423527714
02c988090b766852e088c69d7fb3b551,0.7926841391884589,1564.3700000000003,1240.0512868222497
81783131d2a97c8d44d406a4be81b5d9,0.9811581231194267,761.8399999999999,747.485504517304
48985c61529077fa4f1e38bcff0f2ed3,0.8623112159272955,879.3,758.2302521648709
e1b12447a7563944843191754aeb5562,0.7766191428235212,472.46000000000004,366.92148021840086
59b22a78efb79a4797979612b885db36,0.5277540714751844,27184.500000000007,14346.730556017154
8f580d36c1e9d6fbce95283403c7d447,0.8394729257508496,4813.25,4040.593059870277
e70053bf73d1b5863932e53a9fa47496,0.8633238812034878,4025.0,3474.878621844038
ca7c6bd577e559472af1c699de9e764e,0.6053316001679242,148.0,89.58907682485278
e64d65bc8dbec2accda90c58de5d1246,0.7910277009228491,1678.8000000000004,1327.9773043092794
a36b125ac6d5fdbc7f50de85c9157bdc,0.7612807863688366,1793.65,1365.4712824704638
7ff588a03c2aeae4fbd23f9ae64b760d,0.714345127621574,1182.2,844.4988098742248
276677b5d08786d5dce7c2149dcce48b,0.7757236399729571,3424.2000000000025,2656.2328879954016
bf100ecb7997df312b285358fb32f92c,0.8638964447039479,1991.9000000000008,1720.7953282057945
e7d5b006eb624f13074497221eb37807,0.7139416807056971,3478.929999999996,2483.753131257468
42bde9fef835393bb8a8849cb6b7f245,0.8576972929923746,7574.0,6496.199297124245
d23019c84ffae2d5ef2270367b8605fc,0.9183171215321868,29205.100000000013,26819.543366059683
656591be56071d4c9ef4e5fee78a578a,0.8324449740917206,1702.0,1416.8213459041085
77e4abfd739aed9c46480f90f81c0eb4,0.8847461054627821,3736.99,3306.2873486533617
916c9de0b5ad957346eeeb12f332687e,0.8815375744773515,5336.5,4704.325266198386
b94cc9f10ddc85e4ba73a6f7974e7101,0.8029877381714565,25346.100000000013,20352.607510467566
f1fd5ab1181f827ffad998c1a5de7d74,0.9350200157773328,7045.99,6588.141680966929
3ade81dab5a172b88e1871c28ae05260,0.8256024063463339,5383.6,4444.7131148061235
b14db04aa7881970e83ffa9426897925,0.6862795359578074,5595.899999999998,3840.351655266293
f63d8f293af3a6454377546bd9dd19ff,0.7583568169391688,1751.8200000000002,1328.5046390503749
4da0e408c99d2fdc2126dc9fce518060,0.8202254783125169,3026.0000000000014,2482.0022973736773
7fe21dd00d2f4943ae09525efa2fd674,0.9855260748633774,169.8,167.3423275118015
2bd05d410a8fd26dc4184a15f4f2f588,0.9130253743766454,1316.73,1202.2079012029603
9cf787a239c1aa29dbd76f153dc13f9a,0.6385602903911607,316.0,201.7850517636068
1284de4ae8aa26997e748c851557cf0e,0.8402616003676961,1459.97,1226.7567286888254
a49928bcdf77c55c6d6e05e09a9b4ca5,0.6071621310186154,8646.899999999983,5250.070230704855
49067458c68f7701fd334ce326accbe0,0.8697915541512545,1047.6500000000008,911.2371217065624
c1ed9e3daf6154542826a6996af0fb8c,0.9392300276552848,757.4999999999999,711.4667459488782
0ea22c1cfbdc755f86b9b54b39c16043,0.24386056912905485,10592.099999999948,2582.995534271849
bccf933e006e9b94a6184af782963e77,0.7124591720567673,4162.739999999998,2965.782293887586
30a81d8cf85fb2ada1b1b094c9583a95,0.48251486001753435,1245.4199999999998,600.9336569630376
4bf2f4ee540798a61f9636d12cd9cc80,0.7592083229137001,4995.5599999999995,3792.6707296147633
725af026f869236a8dd0ceb98564d156,0.9778274527881262,810.72,792.7442725243897
70c4eedec9cb4a85cda2f3f9673557b4,0.9841483072189156,239.9,236.09717890181784
dee656f0f566ed1aa85bd137c943f08f,0.473732986580525,6212.079999999993,2942.867211277144
ab91571efab27993ff2f6b36e38055c3,0.8370712109727061,102.24,85.58216060984947
bdf0d02d36a1d839d0c39c4a887cdd49,0.8322536699743185,120.0,99.87044039691821
f12ff17ad8bbf01ec5c33b17e506649b,0.8347351620951662,6101.0,5092.719223942609
1838dd9b8977065acf51d95e0053ea7a,0.7880172414813217,2750.500000000003,2167.4414226943777
b8630e1121437d41cb08e3c749c2c2e2,0.8600495511193672,6988.0,6010.026263222138
ffeee66ac5d5a62fe688b9d26f83f534,0.8184396081918686,1839.8600000000001,1505.8142975278913
4e0d109ccfba9a1151c103049880c857,0.8767979093441758,279.89,245.40696684634136
1987cd4be10fe09ee50454f9c354d1c6,0.8417729660625408,2877.7000000000003,2422.370064438174
0afccdb8a34ee5c79f7c06faf2b4d56e,0.9157686127899457,1185.6,1085.7352673237594
977f9f63dd360c2a32ece2f93ad6d306,0.874388185621925,2730.070000000001,2387.14095392085
87b4428a334b8f676fd9a7f3bf544fb5,0.8110543510376819,29.99,24.323519987620077
d52cbce9845184537284a23c3bc3da0e,0.89485871303869,75.0,67.11440347790175
0b18d63d0cd1d723567903fd34a07df2,0.7937147410796782,1678.1400000000003,1331.9644555954515
834f3294fba9f932f56edc879193f925,0.8680023071895686,39907.5,34639.80207416771
4b98b0428fc1932cc2514ef9ce2505e6,0.9976487882390415,327.63,326.85967249075713
d13e50eaa47b4cbe9eb81465865d8cfc,0.6245515211250309,7073.049999999993,4417.484136493395
ea566164622c6b439516ab18062c42cd,0.6465730950192343,10309.42,6665.793597253195
297d5eccd19fa9a83b2630071ff105e4,0.8679655906909505,834.97,724.7252292592229
1b8356dabde1d35e17cef975c3f82730,0.6425822048855795,3366.399999999995,2163.1887345268115
9f50216bfd01913736a55a11b55ea842,0.6771179828095901,1354.0,916.817748724185
bc2ac6b95e1accce9858528ee566c17e,0.8104030905403127,2045.0,1657.2743201549395
e88165a185134e13fdfc85d4fa654db8,0.8572039777898286,108.0,92.5780296013015
1cbd32d00d01bb8087a5eb088612fd9c,0.3931413256325576,1045.47,411.01746170907
ad75519a07f039025e83795a4418470f,0.9684835097535117,302.1,292.5788682965359
d4f117125b59ce73c3302f88ee40c458,0.7760658397074067,783.29,607.8846115844145
8f54d64f28a993550aa7943f12572959,0.8531794605731924,2755.500000000001,2350.936003609432
9596c870880d900012f2e8e6e30d06d7,0.7093670566333388,7625.349999999997,5409.1720852990275
9c068d10aca38e85c50202e17b4a7e88,0.8892714159507404,2658.9000000000005,2364.4837678714243
39a5005f2605cbdb4f9ac14485cabfd1,0.8380966255570353,501.06999999999994,419.94507616786365
1fbe10c70e30765ed1de86d9f7e98409,0.8161556939172314,98.75,80.5953747743266
b1204cfda1d4948679db3cfc0d3cb95c,0.8519544422199951,411.2,350.323666640862
bbd3acfe6de99892e73940d3fdceaf68,0.7477077205869473,69.0,51.59183272049937
679769a98cfcc6da877c8486ff1c13f3,0.8525749916489822,7029.0,5992.749616300696
23ff42c4bf1f8f16cddb19d8b972974a,0.9041828794304034,174.70000000000002,157.9607490364915
dc50afafdfa325eadc890c7fa42a8f4e,0.8122518424039106,424.19999999999993,344.5572315477388
78744a20ee2f80ba64f6804c25def2b8,0.9085468808114034,2715.0,2466.70478140296
fa3a0b5aabb344b9a92e3524b0202123,0.869182749178977,1789.0,1554.9679382811898
5c853bb56f70f4d14218944bae111d7a,0.8036215951161159,263.13000000000005,211.4569503229036
8c91bfea4263b8fba54081460693e2a1,0.8702634100659451,739.0,643.1246600387334
9a84ba99f5367fdbd4598363496f1ea2,0.9295679041433257,2223.38,2066.7826867141875
9200e6ce317b67196b6b0bad4d4bd567,0.883801848684823,36.9,32.61228821646997
94231344608e603693b0a8891143f65d,0.8157825426190556,722.0,588.9949957709581
432c37c9dfba871172ec162e20118b8c,0.8901622585095804,2679.8700000000003,2385.51913171207
f435898e493ba0356019a0b1cb8b55b1,0.8819824611085669,649.76,573.0769239299025
b8578d2d823bd8e251f6fdd02b40902d,0.8855052662996287,1255.6,1111.8404123658136
964ff64dc05b13811c6d0f41e0aa5f6b,0.7244783036025546,180.0,130.40609464845983
42ef3192a9ff87a22d1867b74b3ee205,0.7629244062560838,1354.0900000000001,1033.0683092673007
b44dbfbf62e52125f3c15d230569ea91,0.8257648217527513,609.3699999999999,503.196309431474
a7c53f6b3b61adbdaa99dda97e8cbd56,0.88160061839507,99.0,87.27846122111193
1f867308a0ce13133a4e639ff4de0c02,0.8696777118288647,875.0999999999998,761.0549656214392
45213867cefbf2cd4c6177e10216a951,0.7992968205313055,4955.42,3960.851450397242
aded58c8142dedc5494a81f948431fab,0.7475181744819729,289.5,216.40651151253115
30c7f28fd3a5897b2c82d152bb760c17,0.9074820149562997,1849.38,1678.2790888198815
cd843d4cf8ef32827de0396605163ba3,0.8896018214224155,1915.0,1703.5874880239257
9da1ca0bef29ee170e541927a5aeabdc,0.8408994038709997,1484.4,1248.231075106112
535bf14f36346c7f59d87cece104d70c,0.7996668426591698,50.0,39.98334213295849
2c4c47cb51acd5ea5db5e0ae0e26542a,0.7761262606720387,2575.9000000000005,1999.223634865105
e3e290b38963293022cdcd6db8328103,0.8555137737717678,135.7,116.09321910082889
e51f22821f0c12a16ad5c020cdcd55e9,0.8503428703454192,898.71,764.2116410081318
66fd84ee7528c0c0de85d0f44a73d5ab,0.8904080541667152,1438.1099999999997,1280.5047267776945
e9c2dc0dd4ac38448289be644ac94f42,0.6850813411636199,118.39,81.10677998036095
713e3a23ca5e47786eb6f0d99f94cfac,0.9204544406409063,1126.0,1036.4317001616605
c8025364abeecb115431bf95c11a747f,0.905083935655927,928.0,839.9178922887003
556a6409838156ea299c9d1f9e2dde43,0.7968308739568282,1362.8000000000002,1085.9211150283656
31ae0774c17fabd06ff707cc5bde005f,0.7913478843830801,6719.849999999999,5317.739080871641
542917da124346b47ea1ac79a93ce454,0.788416764200748,1303.9,1028.0166188413555
a3082f442524a1be452e3189e003b361,0.837584429183108,301.6,252.6154638416254
43b2c864251aa0ce4030c746984e088a,0.8681457006959568,94.8,82.3002124259767
fa74b2f3287d296e9fbd2cc80f2d1cf1,0.9856622616618725,1274.4900000000002,1256.2166958654402
a99504ac23ed125aaf5302af6cc30af9,0.9001239605435434,978.0,880.3212334115855
385799a1cddbd26dfeb9157356a42282,0.9562312750361991,551.9399999999999,527.7822899434797
3ded4e2d5f135cb103e5949d7263d2dd,0.9015985749453274,49.9,44.98976888977183
2d42ebcda99fd55f6f4bc2f1ca035d50,0.8622685477164916,921.5,794.580466720747
2b402d5dc42554061f8ea98d1916f148,0.9069847587662874,299.89,271.9956593064219
b3f19518fcec265b2e97af287725f981,0.8739241659887957,444.92,388.826339931735
bab0a8cd684e41ba6e2637dca0979d3b,0.8796379026459893,269.9,237.41426992415248
334cab711dee080b079fa5779b584783,0.8313884641123562,1069.7000000000003,889.3362400609877
fd435faa3c0422b60440ea3480d0e77c,0.7759991207520995,749.0,581.2233414433225
b56906f7fd1696e043f1bcce164c487b,0.6834554956001818,2148.49,1468.3972977420344
b19f3ca2ea475913750f25a5c37c8d8f,0.9253312682989198,4174.160000000001,3862.4807668826197
60562ab00b8054280520d390c8c0045c,0.8161662714633166,2943.0,2401.9773369165405
cbf09e831b0c11f6f23ffb51004db972,0.5042053315948125,1535.2000000000007,774.0560250643565
9bade61a92bed55a25d2b67b9f4ed739,0.9211451675614567,117.67999999999999,108.40036331863222
bd697db56ff8e7c9cd1abeb7f72029b2,0.8384540370947832,2869.789999999999,2406.187011114237
82e0a475a88cc9595229d8029273f045,0.8185681134866479,10748.019999999991,8797.986455116754
ffc470761de7d0232558ba5e786e57b7,0.29663985727086883,1529.1299999999997,453.60090494860356
8c16d1f32a54d92897cc437244442e1b,0.5565239674258606,5642.599999999993,3140.2421385971575
6cd68b3ed6d59aaa9fece558ad360c0a,0.6282040660374142,11188.569999999972,7028.705167144214
4a3ca9315b744ce9f8e9374361493884,1.14758188117184e-09,196882.11999999505,0.00022593835363869427
a435b009cd956ea60748b5cfbddf2e24,0.8148014886859419,361.18,294.2900016835885
d650b663c3b5f6fb392b6326366efa9a,0.7974139913298014,18335.9,14621.303203624107
8160255418d5aaa7dbdc9f4c64ebda44,0.032601941480425854,46368.39000000035,1511.6995373215748
6fd52c528dcb38be2eea044946b811f8,0.5754900160768383,7743.020000000001,4456.030704283281
71039d19d4303bf9054d69e9a9236699,0.6724873819716358,3537.2000000000025,2378.7223675100718
f22a247b79dd22ecd91dc8e3b2a1b07c,0.5369422570175862,439.94000000000005,236.22237655231692
2dd1fb6f0e42a2243b8a01e40cd41216,0.968738670551594,686.89,665.4169054151844
c847e075301870dd144a116762eaff9a,0.8318388508958942,15248.799999999988,12684.5442695413
323ce52b5b81df2cd804b017b7f09aa7,0.8355581515869118,2374.300000000001,1983.8657193128056
406822777a0b9eb5c50e442dd4cd3ec5,0.7641994451418309,3548.090000000002,2711.4484093132805
7178f9f4dd81dcef02f62acdf8151e01,0.3023537471709669,36795.4000000001,11125.227068654627
2be17df1c49978426251562096c3cc09,0.8321465661297659,2165.0000000000005,1801.5973156709435
ae7ab174effdead6c241e547e4ca13f0,0.7315409325955597,2778.6,2032.6596353100222
2e13c71026e1a39ba5cc1b86dcb679aa,0.8246378883106079,3793.0,3127.8515103621357
13fa2a6c6b9d0f43cb588d7c82117a12,0.8065540943455355,4528.0,3652.0769391965846
439a47cc365d6e3bd526812ea9de3c29,0.7353540156631653,1186.5,872.4975395843456
b8bc237ba3788b23da09c0f1f3a3288c,0.812368677193244,13685.709999999995,11117.842129150347
05d2173d43ea568aa0540eba70d2ca76,0.7433169387799285,5759.66,4281.252839613203
25debeafbce801fdd479539350185eee,0.9081856724134048,237.85000000000002,216.01196218352834
e48b04bf1aa1ef711caebeb7aede6180,0.7896581870527691,3187.1000000000013,2516.7196079558817
ff4ea69c2a729e83e63c7579e4ef8170,0.9479577458105113,6368.0,6036.594925321336
a425f92c199eb576938df686728acd20,0.8834936428606314,1106.3,977.4090170967164
01fd077212124329bac32490e8ef80d9,0.2840706027296174,1208.0,343.15728809737783
d6b1ce66b035a475f00c017792ff9769,0.5640292662822168,12277.399999999992,6924.812913853285
e439f7176d763f92de325271111b2fd5,0.9556070435123608,1320.9,1262.2613437754774
818d28f936e791926d33bcb6ee94ef79,0.9652162442779878,111.6,107.71813286142343
b2479f944e1b90cf8a5de1bbfde284d6,0.4606799412551658,4666.529999999985,2149.776766265462
0df3984f9dfb3d49ac6366acbd3bbb85,0.7126964406882185,9891.489999999989,7049.629716103098
96493fab2fbb13a14d0c0e8772eef5c3,0.7750810032267332,18969.0,14702.511550207902
6ba4733aa33f6386e9fb0c0fd3993b38,0.8904330101965058,149.79,133.3779605973346
3092c0b297aacfb4bb6e056ebe13b9b8,0.7603150339083109,1184.3,900.4410946576126
26d6bbee02420494d471c9f6436929c0,0.8322520217784769,434.51000000000005,361.621825982966
dc120d932ddf9d4dfb6fd68beefda622,0.9028939659632708,130.0,117.3762155752252
baa49d93c8c8841e27400a300f5d74b2,0.8878881394159965,246.4,218.77563755210156
8a1ff5c35f6595a73fef4c7b96e4908a,0.9231535772253375,1598.0,1475.1994164060893
de9727ca376d1be6ec121b110aa7954c,0.9311353878632604,997.7999999999998,929.0868900099612
ee2fbacc2fc3794e656cc4d933d59ce7,0.641589586093089,464.97,298.31990984570365
82cb9f452fe8334df74b22d37824b431,0.8970367240962523,838.2,751.8961821374787
751bdc4d83a466c7206cd42e8f426b03,0.7944886388328035,6520.95999999999,5180.828634283151
7ecd59e5e20407131822c1a68ac59c1f,0.9174171307954005,1466.71,1345.584879908922
fbc14c0cf93505ef89f64665ffa4a7b5,0.7453682542791455,12227.819999999998,9114.22884703962
822b63912576852aea9a8436d72317b7,0.9443329518889475,3465.9299999999994,3272.9919079404594
f61c63d13f7cd800549d5acdd390ae72,0.6388988168548825,3072.3000000000006,1962.8888350232558
4ef4c39cf3c24f326434cf0b2e48046a,0.9108519227953621,792.0,721.3947228539267
165b1235e9e9942cb5fae67103576fb0,0.4713293228472295,2085.1500000000005,982.7923375349009
8ed8ea9a57c862f2c18c2fe41f601d56,0.8958565957750008,3831.9,3432.8328893502253
8a432f4e5b471f8da497d7dc517666e2,0.20125891342860736,7555.0,1520.5110909531286
4e06067cc08b3f41d837768d392c3ee3,0.8492640035597742,941.7200000000001,799.7688974323106
7e3f87d16fb353f408d467e74fbd8014,0.5581669948886168,4653.090000000002,2597.201262246275
6806dad1da97bfb5a9038eac6881f706,0.8424346839888471,1477.0,1244.2760282515271
f76a3b1349b6df1ee875d1f3fa4340f0,0.7779007282083014,4160.790000000001,3236.681570921819
70bf57d811208f8923b41bbd499a67a4,0.7319512347524709,780.8,571.5075240947293
3f2af2670e104d1bcb54022274daeac5,0.8937137029790525,973.5999999999999,870.1196612204054
8e8a7ce9f2f970dc00e2acf6f6e199f6,0.8177281284405782,8821.0,7213.17982097434
5c6d4016c2a288f074fa0848a2b653d2,0.7261763843074476,3100.000000000001,2251.1467913530882
820c7c9eaf76d2b226b6c242bcf3f34d,0.841180544214635,559.0,470.21992421598094
6288c69c4ce638e59925e59193f98b16,0.8591533008512495,4196.799999999997,3605.6945730125217
282f23a9769b2690c5dda22e316f9941,0.5162171063200921,6464.28,3336.971916042845
f88adb15807168d3c43d71021090ce4a,0.6312857257852056,488.8,308.5724627638085
980640c45d7a4635885491d077167e4d,0.420934632873077,1004.2900000000001,422.7404424481025
989becdce12ebc39863c2bceab6f3ca1,0.9479904214859647,6302.9,5975.088827583886
51209b446b2073894bdc0face6c73ffc,0.9263876868220696,359.6,333.12901218121624
11fb6f6d341adbe19e81733701704635,0.6247971021009379,1197.0,747.8821312148226
166e8f1381e09651983c38b1f6f91c11,0.9983031759821469,78.8,78.66629026739318
34056b8b55c1775a22af2331670a799c,0.6814796228050835,6398.700000000002,4360.583662442888
6b9b80d53ba3676eafe60268a810b5a1,0.8981972830288917,783.6999999999999,703.9172107097423
7bac63f6603d382cc8d0832eb6c100a8,0.6666733428904819,7751.95,5168.01842041987
c990d6cf976a5718aaedc539f383ab88,0.9049515184157239,183.10000000000002,165.69662302191907
e8b3a3a38279a82f0e5d006d5e5b7d2c,0.7505696530641662,11762.399999999983,8828.500487201936
f00e21b1e91a79653163b7fd8f293ff1,0.7467640364818738,3900.0900000000015,2912.4469510425924
61b18775be84fb700a6b2d0ba097bf66,0.6751269732677709,334.5,225.8299725580694
6c9875b2f94ba781186f0c1aed8d1687,0.7921055066413247,25.0,19.802637666033117
78813699ffac347fe27dba345a5f1551,0.9669114252911136,152.42,147.37663944287152
70eea00b476a314817cefde4aad4f89a,0.6856200900532622,31424.75000000001,21545.439924901257
921323538c9f1c4e816f2720eac02bea,0.7863570250893451,1401.84,1102.3467320512475
11938fcc75f6902fea1d0a6f72b54a57,0.8065732563717056,594.98,479.89495607603743
85ecf03781da592876b7844acc1b729f,0.5859703584629579,251.0,147.07855997420242
5a9c0859cb00fd8aa4db443837f0a700,0.8553887428704231,208.0,177.920858517048
d8cf3b6a2151949f930d0252b180ec42,0.9654261217488361,623.6999999999999,602.136272134749
e45edf75f568ed2f93f78d060e246e25,0.8513225101350648,164.3,139.87228841519115
052577151711aec5c744fe12e66db3e1,0.9976210115477602,687.0,685.3656349333112
8ca1551acf9832a4cf467bbbac15851f,0.8595451024420966,2176.4,1870.713960954979
440dd6ab244315c632130ecfb63827b1,0.7177653741407897,13088.999999999985,9394.830982128786
3c4e0452bff7a2a788179488d3d77032,0.8482948690391985,3746.4000000000024,3178.0518973684552
b9ec22de23f18567de0e09d776ca0309,0.8151127889804293,341.98,278.75227157552723
a20d8058c866dbaeca014d2cd20ac62e,0.8967094143070066,1194.0,1070.671040682566
eb5b6204dde3a6e03b5f1bb8479f055b,0.6259544231634233,452.2,283.05659015450004
c447f8dd3ed213f291d65ef074a268eb,0.8125171771765726,655.0,532.198751050655
7994b065a7ffb14e71c6312cf87b9de2,0.9190866453844178,452.99999999999994,416.3462503591412
7d456afc660226829370f3173d14520c,0.5012748742164864,8118.249999999999,4069.4747476079906
e38db885400cd35c71dfd162f2c1dbcf,0.8334424529738299,2066.800000000001,1722.5588618063125
d3f39f05462b79a4562d35893a28f159,0.6747650585534511,2363.4000000000005,1594.7397393852268
ea846a0e7ad98a741783e886d89dfa44,0.8424037020198973,137.0,115.40930717672593
979e9f8b5b39dd243a2550c8b05aecf0,0.8080986612089477,525.0,424.25179713469754
651fe66032c9520ee5587f694908040d,0.8621652267410246,464.0,400.0446652078354
2156f2671501a81034d7d07f217609d0,0.8655707475813791,2909.4999999999995,2518.378090088022
2f1e7b90e01d9f086cbcb301c0c3d406,0.7938000809476546,59.0,46.83420477591162
7d948535954aaf8c5d39db007f74372e,0.7825058462966705,194.0,151.80613418155409
e5def42655b7490edac5a56fe8e9e603,0.8407161532404978,129.9,109.20902830594066
1de62b6f2fd96227629786db492433db,0.8574370125883046,208.8,179.032848228438
9d69ba0a7a626a64dc5db08e529559cf,0.83981309527874,19.3,16.208392738879684
69b5eaa096c3f9d1e5c398c597f567d6,0.8185237314927868,938.0,767.775260140234
513a54369b6a8a6602fcb0e129c6d78d,0.8519199103666681,47.8,40.721771715526735
2b03ac196f5ed62ac483960fe0fa3b65,0.6942189626413987,843.1,585.2960074029633
a2e874074c877c5a05abae80ad6e488f,0.8071431529477678,7354.999999999999,5936.537889930832
c113b8df1fc375bc3d73d29c1b1144d1,0.9976153317104998,333.0,332.2059054595964
3785b653b1b82de85ab47dd139938091,0.846992680452023,1552.0000000000007,1314.5326400615404
863d2ebcd347ce4922de7a0f9a5581d6,0.884157109969811,1312.36,1160.332424839981
b74d1c09cb380e1d03a6f859c6f4224b,0.7788950756290292,2174.61,1693.7930204136433
6b536a23086fba0d58c08d68814397f6,0.8698103408265565,1996.8000000000002,1736.837288562468
c76d418370990614e89e956c7a7567d9,0.8576596708302607,305.24,261.7920379242288
f419677537694f0462a91990df6ca44f,0.997506046094373,220.5,219.95008316380924
64c9a1db4e73e19aaafd3286dc448c96,0.7059923258301087,439.0,309.93063103941773
715bbd5ba4e6b74cb0d2f29eb45058b0,0.5296595768900693,4043.300000000002,2141.572567239618
bee36b4f9a2b9fdcaff6ec05df202ed0,0.9840824227525599,16.9,16.630992944518262
4e6015589b781adaa5ce7f1892d06bb1,0.8567899960379978,684.0,586.0443572899904
b98b715fe9e276204e2a3464f48cd796,0.9626923417513097,388.6,374.10224400455894
d71d863e5ef30d94e440c11be17dcd8f,0.9278719662023069,9246.9,8579.939284276112
333c4210e76a1aa2ab817b99437e3ff1,0.8396005854652889,335.0,281.2661961308718
87f3e35268860433e13d577825aada95,0.995843063228133,19.9,19.817276958239844
d36b07fd3c5088e477a72d1fccfe29d4,0.9294033267539556,328.9,305.680754169376
218f991754f360af9c2daa5e0b8e990c,0.7997375039154445,3554.320000000001,2842.5230049167435
be67f78487e2cecb0d55bc769709e4f5,0.8709413374190931,102.0,88.8360164167475
47f55702f598c7c6cc8458b0fbc1c49a,0.9998597434695599,75.0,74.98948076021699
3d39fbf22a665714baf62fae36029e23,0.8072701504782108,2504.2000000000003,2021.5659108275358
d1aa1ec0839dcab73a6161130eb1f94a,0.8988430827553332,119.9,107.77128562236446
8d46553a36e68f95350a200c12f8f2e2,0.885245476202355,659.9999999999999,584.2620142935542
02dcd3e8e25bee036e32512bcf175493,0.9216662677854185,1341.9,1236.7839647412532
9d681c7e12db302cb261e721040dde65,0.7335963813736585,785.5999999999998,576.3133172071459
1dd33b8119b3cb1056ed5dc88cd0aaf4,0.8669517567259533,1513.0,1311.6980079263674
97512d3fc193b2d1dfcdba0f9d1f0f8a,0.8366848716601031,1458.8700000000001,1220.6144587187746
e1dc0754bada9ee4cfe9713f22f61292,0.6338538729227005,885.0,560.9606775365899
88ae906ea2acf6971f26c3e8b7cb4357,0.8407767038207707,246.0,206.8310691399096
adbe70ab2c97442046d393988c8d1d27,0.9255153902050359,289.5,267.9367054643579
f9eedec3129e8cc6b6429c42d0808c5b,0.8778351728830878,789.8,693.3142195430627
723cd880edaacdb998898b67c8f9da30,0.5408632311294185,2136.53,1155.5705192049365
5c030029b5916fed0986310385ec9009,0.8614714602202099,4164.4,3587.511748941042
fa14641f57b655e933124a9ea49cd7a5,0.7234362239518337,359.93,260.3864000869835
ead2bab70821ea148476ae9bc08548ac,0.8705068589432252,412.09999999999997,358.7358765705031
c714262700f93defc16bf17a51a4cb23,0.855804643931686,421.8,360.97839881038516
d4d99b60c4c94cd35acd502cec65dc8d,0.8480389925238636,72.9,61.822042554989665
2ba91c7ad80ff88b23b7db823b43c233,0.6193390556600737,740.4,458.5586368107186
3c3017960b2dbd72711a61f0400aab8f,0.8913412668950905,878.8999999999999,783.399839474095
c240c4061717ac1806ae6ee72be3533b,0.8773874266104682,59.9,52.555506853967046
5194c22ed1f616ec0c0f33c571542879,0.824836703751205,245.6,202.57989444129595
7e79d65b5c6f1f544b7daea036acf720,0.8376144637428917,517.8,433.7167693260693
1690cada046eb7e92c12f98b1f8a8167,0.8805160365772638,1760.0,1549.7082243759844
4049512728d969bec69f84088b012416,0.8416787068847372,389.84,328.12002709194593
0fe2d9733ed841eb064503920015a8c0,0.8378106579554715,389.64,326.4445447657699
3935fe5fe0f82787a9dcb8deb62be09d,0.7790354465339864,1681.69,1310.0961200817396
8dfbc5ff27df12f6cef751d3b9554222,0.9524414434059875,226.0,215.25176620975316
edb58a1390adf273840030a3d6253829,0.8398654643585097,39.9,33.510632027904535
668bf321538e5072858eaef6087ce027,0.8773460432352815,19.9,17.4591862603821
2b3b9ce054da76a7428df143a567b156,0.8411162128796912,301.0,253.17598007678706
0a198e95d32b1be2da9424c962a6ebfa,0.9536350552158268,69.99,66.74491751455571
b3e2faf2c1004d674f16a3aa3197f0e1,0.8369660948658878,61.47,51.448305851406126
debe6615cd90cc0c2eac2b8988e1f628,0.7191314640599864,278.5,200.2781127407062
7aa538dd6e114e503a2e6154ea352253,0.7720478967577489,1016.68,784.925655675668
8fbd63429be6d3e5e6d1a709b6464802,0.625386323211946,1061.4,663.7850434571595
24c1de8d9551c0b4fbc53317d53efda8,0.9175333269451535,355.0,325.7243310655295
17998cf586426bf0f2c3726cb0a4b211,0.8036346631191701,69.8,56.09369948571807
5d9f3746e112e696f98ea22c56b3e912,0.930625733238034,1322.64,1230.8828198099534
36f98ad67cc981f50ce8aed093d5783c,0.8510367793905566,119.4,101.61379145923246
6dd7dce75cd55c1ce255dc38d9f0cd46,0.9179139106827113,75.0,68.84354330120335
8936ba0de1073ee888cb3185ae5dc661,0.9294790446962267,389.99,362.48753264108143
fe1b067411b8c5066e962aa146ccee03,0.7848656759040659,847.78,665.393422717949
685b870da5b52a710782c9c0fefbeb5b,0.8746935995106311,627.0,548.4328868931657
5656537e588803a555b8eb41f07a944b,0.38145193705806585,7931.260000000022,3025.3944903111637
f457c46070d02cadd8a68551231220dd,0.48450172919669754,18798.299999999992,9107.808855958276
ef0ace09169ac090589d85746e3e036f,0.5881718898847659,16105.399999999976,9472.743555350095
b64d51f0435e884e8de603b1655155ae,0.6508422433305537,416.18000000000006,270.8675248293099
f9244d45189d3a3605499abddeade7d5,0.8699726094922664,15081.439999999997,13120.439711701043
08633c14ef2db992c11f840f04fad4cd,0.6876298408435004,7644.299999999987,5256.448792359962
430315b7bb4b6e4b3c978f9dfa9b0558,0.7838957915854041,2864.4,2245.3911054172318
7b7f91e98f8c6def45a1407923304402,0.7327002571078367,417.4699999999999,305.88037633480855
5058e8c1e82653974541e83690655b4a,0.707177550552888,9812.829999999985,6939.413083391885
cf2384dd2f1dddea3f838efed0945e65,0.7991036726233367,2101.5000000000005,1679.3163680179425
b39d7fe263ef469605dbb32608aee0af,0.6689172277439595,5063.199999999999,3386.8617075132147
e24d3429d294b2eb200b064ebb035879,0.7747025322137333,1878.5800000000002,1455.3406829660753
522620dcb18a6b31cd7bdf73665113a9,0.5808241360412738,56690.49000000003,32927.204876006486
cca3071e3e9bb7d12640c9fbe2301306,0.0005294150806539008,63035.1600000005,33.371764315431804
2e90cb1677d35cfe24eef47d441b7c87,0.4444902172541831,13894.709999999985,6176.062666583864
b499c00f28f4b7069ff6550af8c1348a,0.30936390770942085,10162.17999999997,3143.8117156465128
dd2bdf855a9172734fbc3744021ae9b9,0.5491790985653191,10606.999999999978,5825.142698482327
2953ce3a88f5e3c3b696d77fc9e4c8eb,0.7972511164444142,470.0,374.70802472887465
503c1de08ae81a2d86f17951b204db55,0.8580267574156534,4906.99,4210.328718371037
00ee68308b45bc5e2660cd833c3f81cc,0.3654904782573821,20260.0,7404.837089494562
ecccfa2bb93b34a3bf033cc5d1dcdc69,0.945407264260636,1120.85,1059.6597321465338
b1aaae6b66ad3c40f54b389d7ea4bee0,0.7351317751504987,1176.5,864.8825334645617
4c03b9dd4c11ee2cb35c96c49efc9420,0.7549590737086505,6458.5999999999985,4875.978673454689
c8b3445d737de6befde0c88ede534a5e,0.7671647586839744,3149.039999999998,2415.832511686181
d05ae8f7a5bd1d2a690a44cd079e4e27,0.796590982997926,13244.0,10550.05097882453
4f0d637c1197fd65405ebd755ac9f86b,0.7031414374988412,199.8,140.48765921226848
edb1ef5e36e0c8cd84eb3c9b003e486d,0.721427052970139,79144.90000000002,57097.27196461637
5a8e7d5003a1f221f9e1d6e411de7c23,0.4762685804801946,11042.099999999964,5259.00529252034
9d4db00d65d7760644ac0c14edb5fd86,0.5147361758605152,9845.709999999986,5067.9431140316265
537eb890efff034a88679788b647c564,0.3474567533563377,4617.900000000003,1604.520541324233
1b938a7ec6ac5061a66a3766e0e75f90,0.7301062252973383,3859.8000000000015,2818.0640084026672
bce6a5ecf98e99fd2a8868b15c51f04b,0.7226497337202229,3464.9,2503.9090623672005
af7cdac9d9897cddead9c6b08976c642,0.833764093974717,543.54,453.1841356390176
89a51f50b8095ea78d5768f34c13a76f,0.8669480543410769,677.16,587.0625444776036
5bc24d989e71e93c33e50a7782431b0e,0.7960867055763258,3148.0000000000005,2506.080949154274
c89cf7c468a48af70aada384e722f9e2,0.8596697880675453,745.0,640.4539921103213
0ad80de75c811326389cfb1daba7d45e,0.8743495935356276,1449.4,1267.2823008705386
d2374cbcbb3ca4ab1086534108cc3ab7,0.0030483297356163077,20926.02000000007,63.78940901410178
dbb9b48c841a0e39e21f98e1a6b2ec3e,0.30534807847972223,7186.849999999988,2194.490837821988
a3a38f4affed601eb87a97788c949667,0.14349835932563706,26294.620000000115,3773.2348290910995
c31eff8334d6b3047ed34bebd4d62c36,0.5091827395581611,12991.60999999998,6615.103571071191
0aea4c6ae1505b3228ddf3dd7822ee5b,0.8303695735473031,1427.91,1185.6930177639297
14d7985702e72162bbf13b6beb74ab2b,0.7964792334212623,3887.0,3095.9147803084466
ba90964cff9b9e0e6f32b23b82465f7b,0.5724213234394551,44212.5,25308.177762566906
5d9dc90a686a8fddacffab6bab5653a3,0.8479580839442681,3761.9399999999996,3189.9674343132997
95e03ca3d4146e4011985981aeb959b9,0.20871275984840681,10865.15999999998,2267.6975297945114
6f892e20a171e98efe17fdb971ff319b,0.8616961612366006,6048.999999999995,5212.400079320193
9a1aea68d3efa00862ec88c0768037d0,0.7754109845074512,1309.2,1015.1680609171551
87d3c3aeb3ead335511b3ce315eb341e,0.6641520890644773,749.35,497.68236794046607
c3e2398fcc7e581cda2e546557bf6968,0.8478976746201662,14.9,12.633675351840477
557f22c76691849db52d2abccf0015d0,0.9224231118347134,799.87,737.8185744632322
217f005bb37ff3aeef5b2ae1788e75ba,0.9614714185446992,49.98,48.05434149886406
17eea220a40cc0d2c0c5346379682398,0.9324387772755381,875.98,816.797720117826
17ca9b9e9b9ef8fdb529001b49ebb50f,0.38493700605342174,9649.859999999993,3714.5882172346696
813348c996469b40f2e028d5429d3495,0.36650344030546034,10813.529999999964,3963.1959468462915
ad420dd0c4f92f8af951ac24b86d0cf5,0.7911834333773656,4705.289999999998,3722.7474972361833
2709af9587499e95e803a6498a5a56e9,0.7013276064215741,1180.560000000001,827.9593190370542
a5bff0f43eb51f0cad7c37fac7244c8a,0.9266926694186779,445.0,412.37823789131164
3364a91ec4d56c98e44174de954b94f6,0.9053070247385598,3579.9399999999996,3240.9448301425596
160e4f13fd3a64b1b86807be88b5ffb0,0.8875031590342041,886.0,786.3277989043048
b274baf5bbd142410eb2958cf685d684,0.856114953556044,585.9,501.5977512884861
31561f325664a8a7aba4c8d0c3a9b3db,0.763918166662001,2702.190000000001,2064.252030772393
cac4c8e7b1ca6252d8f20b2fc1a2e4af,0.6174214753290588,4128.189999999992,2548.8331602386625
381c83fdca332ea6afd896da20bf6e4a,0.8264960897369156,7355.799999999999,6079.539936886803
8ae520247981aa06bc94abddf5f46d34,0.7406776086190102,16320.990000000002,12088.591843494782
3968920b9aa752ab98f7d5888c9252f2,0.7211481684218511,523.3,377.37683653515467
999f6d9a1c7c81f43be44c6b7d076210,0.9280830088058091,28.0,25.986324246562653
659e8466eb3ff1b0e8740d74fb7bbedd,0.8743378882041585,1486.8,1299.965572181943
5b925e1d006e9476d738aa200751b73b,0.7439392266712151,7748.5,5764.4130978619105
729b2d09b2a0bdab221076327f13d050,0.6237476847843062,1805.2100000000012,1125.9955580494782
63b464dbf392c7b80d12d932fa7cafed,0.8132769926140645,6622.0,5385.520245090335
808d4348b916efa08e766ebad39f61eb,0.8395921186658412,712.9499999999998,598.5872010028113
b90e891671cffd9557f33a97dc523645,0.7578691195341167,4449.0,3371.7597128072853
1782ce2db72c3dda627d5e7c898104e1,0.7191950823863685,2010.8,1446.1574716625098
a81466620e46a6970b22ef40379fdfc9,0.889579086578625,321.8,286.2665500610015
da3fede3469bf49b7293ce3fc45b294d,0.8757805919599212,44.9,39.32254857900046
cf1313c6e2c01c2f4b014f97db4bcd2b,0.8062196460598643,315.70000000000005,254.52354226109918
4091f77d8c768fc3e81c20761471761d,0.8728446273520879,1079.0,941.7993529129028
e82de6494d91d3c4c54450f59b227a94,0.7601312335037455,118.9,90.37960366359533
40ec8ab6cdafbcc4f544da38c67da39a,0.8760039099575903,117.8,103.19326059300413
25e6ffe976bd75618accfe16cefcbd0d,0.5159108268588258,11552.619999999997,5960.121736585807
d9a84e1403de8da0c3aa531d6d108ba6,0.3371510607887529,1385.3000000000009,467.0553645106597
2d22fc3089eb907b29ebff50581fb472,0.9218612350530482,317.70000000000005,292.87531437635346
51f108f62cb87d61918159902c8f8583,0.8907018091748513,303.73,270.5328605006776
131fcb0a0c9a47bba4474aacff0f14b7,0.738299956654489,369.8,273.02332397083006
602044f2c16190c2c6e45eb35c2e21cb,0.6648765127706243,3559.169999999997,2366.408537957821
bd15ee794d5e640d9dd71b665b2ab15b,0.823105743786409,374.79999999999995,308.50003277114604
3481aa57cd91f9f9d3fa1fa12d9a3bf7,0.7621675954610296,1773.0300000000002,1351.3460117802695
20cb7c2fde3e5bf10f0bbe7394e1c6a9,0.8718892401617512,844.9999999999993,736.7464079366791
1b1ae47a313a825a7ccceb8e2e30fa9d,0.8371587927975819,2184.0000000000005,1828.3548034699193
9df5750209b83567ec144eb299d7d634,0.9449272161049294,4917.0,4646.207121587938
270297ead4c65a6cd2593960d2af6b21,0.8736833703910336,9344.399999999998,8164.046886281973
5a05a16bb50629ee31afab8a6d4c2674,0.8556683613388888,794.3,679.6573794114794
edc518ba25576a0188a0e8f2c3af186f,0.7758172990205692,1647.39,1278.0736602334955
5b8154610ebb21fb90eb587365e673df,0.7749951953792111,9048.049999999996,7012.195277550868
09f952a5f58d2285b0372551ae8f9b01,0.6593451003258567,11821.499999999998,7794.448103502114
2d34636518ba88f5349b732fcf8ba2e4,0.608871956456083,150.0,91.33079346841245
46ef1a25845fc051c2998d878354810c,0.8229781873226795,250.41,206.08196788747216
72bc2cce903c872fe376a8faaa81d237,0.7842312875740416,2149.2000000000003,1685.4698832541303
e882b2a25a10b9c057cc49695f222c19,0.858226297773241,51057.53999999999,43818.92352760916
120476eb7a04c149d14772edaf5d9bf2,0.6853905621060838,2368.8,1623.5531635168916
014c0679dd340a0e338872e7ec85666a,0.8429362141898542,7058.0,5949.443799751991
bc07d855eac23aab5ac8a120f21d16b2,0.7954904289895988,1202.6200000000001,956.6726997114714
c7246702dc991a06d788120dc7544391,0.9358677488136263,54.86,51.34170469991554
7238a95bb63ef7e498389fb863b834a1,0.6850749632453939,2265.7,1552.1743442250888
c6a7539d424a8402232c2228d7a03c5e,0.7999556764230552,607.5,485.97307342700606
9449f25aeaf531019b76999ea49a6949,0.8967936089492933,1979.5500000000002,1775.2477885955736
c54679b132454625907c773d273d4126,0.7385215216099059,1032.0,762.154210301423
7f152321c60a266edc53af1925ef96c1,0.8742505739224835,3919.7999999999984,3426.8873996613493
b8114f2f589a6804810f04f99b36b498,0.8068259942171884,1399.62,1129.249798026261
4003520d80d0bad1d5623f7aa3c63cda,0.9103112499115134,70.0,63.721787493805934
455f46ef09a9e45667e2981df84b5cc2,0.9853478636345024,29.9,29.461901122671623
c8cc60ffd415254af5d9b9f34f32c369,0.6701353068966827,722.1999999999999,483.97171864078416
f90f77ef2799a27f80d90c425ca944f7,0.8930270497009397,70.0,62.51189347906578
4559697a8f7e637227c2eeaed843baff,0.7438583572199721,3486.3000000000025,2593.3133907759902
270d3ef21830ad0ecf3a6c53d08a533a,0.9164661806033505,471.0,431.6555710641781
3d4824f20035949c710eaf111f869d39,0.8217294190101879,449.97,369.7535866720143
6561d6bf844e464b4019442692b40e02,0.8587896825746599,41.9,35.98328769987825
809413606dbfe5deefd2db646693ef67,0.8363971975653774,196.67999999999998,164.50260081715842
1dcfa3835714681d4ba4a93bc1e0fd41,0.8682076651178755,1186.6,1030.215215428871
ebe3dabc4955c9b0d695e7bda38bf5c3,0.8537273515369154,55.0,46.955004334530344
c5ebe6598748b0aeaa61cfb820478b92,0.8896876992139646,297.0,264.2372466665475
d63c73efd41eb002280e7ec831424edb,0.8246023102947935,5598.0,4616.123733030254
7963e546f34e098b578f9ad102494601,0.858833430603014,60.99,52.38025093247782
d9e7e7778b32987280a6f2cb9a39c57d,0.7903972670479327,722.4999999999999,571.0620254421312
e0487761face83d64fcada2408959a36,0.8014116327775308,49.25,39.46952291429339
377bc18334c78dd2f1535ef22a3ad225,0.8607367834625259,135.98,117.04298781523427
3be5841cdcc46de4ed3f9116f104b2c5,0.5785249949376632,599.6,346.88358696462285
c840d3fdbba0790404fdae73d253b253,0.890109425913141,4522.280000000001,4025.3240546184797
1d0997ff06b524ce9289ffd75114ecd3,0.8558234605649374,3747.0,3206.7705067368206
35281d148dcf7134bae913c57db4e6da,0.8183460151932748,119.99,98.19333836304104
3fd1e727ba94cfe122d165e176ce7967,0.842417892680298,2747.4000000000015,2314.458918349852
41e0fa5761c886a630994a55c12087e7,0.803333082325546,423.6,340.2918936731013
80ceebb4ee9b31afb6c6a916a574a1e2,0.9044687340712033,6729.0,6086.170111565127
7d7866a99a8656a42c7ff6352a433410,0.4499436539004921,147.89,66.54216697534378
aa762680c40618316a896838866140ea,0.9162817215274421,261.0,239.1495293186624
0791d9fc1e30678ecf03d3e55fa108d3,0.8713380274166894,842.0,733.6666190848525
2aa3443d7bf9d9bb11133f420d75e083,0.821263701128113,646.9999999999999,531.357614629889
a36ac007a4d18f865c8d32c3b2402c2d,0.9518884790818084,1229.79,1170.622932690017
e819bcfade7b5d88a27325eb6cfd62c5,0.5623986327458848,202.90000000000003,114.11068258414004
119d1aef1b4144adba89163f6cd9f5d4,0.748083052727339,1094.0,818.4028596837088
9c3a1c416c765687bc79a04113269929,0.8760342968958719,74.9,65.61496883750081
32e5635e63cb374eb63afdd242fb6134,0.9227560285143618,910.0,839.7079859480692
a353b1083c9863d756d9404695016d64,0.9410228470690161,120.0,112.92274164828193
52831e5990d0771cb4951d6f12928167,0.8588426187702911,65.0,55.82477022006892
d1b9d4be4b6f9ebd85f8acd6745ba612,0.8857626259506292,1154.35,1022.4800872661087
52092ddbd3a58c450a4459bf051b2287,0.8506626363492938,351.7,299.17804920404666
6f1a1263039c76e68f40a8e536b1da6a,0.9821274045807673,178.69,175.4963459245373
1a8e2d9c38b84a9702ac7922924b0573,0.9970057629330067,80.0,79.76046103464054
0f7eea709efdf942b5f95c7516dbacd7,0.8071317892792071,195.74,157.98797643351202
bb135baca94c82fcb731335ad5b04a03,0.5348923589643093,1049.8,561.5299984407319
4fb41dff7c50136976d1a5cf004a42e2,0.9049892409446987,1230.0,1113.1367663619794
f1b854361f4e15d5851b494df66f22b2,0.6566247206883623,1168.8,767.4629735405579
80f2cf9abf6b5a0e5c612b5eea6646e6,0.9358460100849939,654.08,612.1181582763928
c500367424994318b9e779ff1ae9a330,0.8410642679312088,4346.4,3655.601734136206
22c32ec35d0116ef02c281798a25bf8b,0.9027528995267958,119.57999999999998,107.95119172541423
2ea0861cc19e94cad86438c984c52da4,0.6933673715143048,165.6,114.82163672276887
134b867a0f7f8bbe6abf10f91874891e,0.842655528194695,789.89,665.6051751657077
7dea6f73af847b42cc3985bd620f994d,0.8921196173376162,324.0,289.0467560173877
4a82168aaef173cbb6e46ae88728f919,0.7566727100827071,512.0,387.41642756234603
90b36c5aeb728d5504a39f435bef0c5f,0.8749592008975261,153.89000000000001,134.6474714261203
8e670472e453ba34a379331513d6aab1,0.8940401299898403,975.0,871.6891267400943
99a25c39b28a74d1151c35c18d178292,0.881748378027652,173.94,153.37131287412979
68ca56ce86830f3d31b1b7ec6a54da3e,0.8909791971188982,599.6899999999999,534.311314720232
eb9cd5b35d95206585e2185318cb5c61,0.8473615611280286,550.0,466.04885862041573
fc38b5dceee1a730fad8853453437fbd,0.6058817401865806,119.2,72.2211034302404
6219ba2359cfb97f2e38fd4c321eb309,0.9037224684490845,342.59999999999997,309.61531769065635
d2df77822373f19934e87694d8640767,0.8777974851467434,155.9,136.8486279343773
c394e193cda3b4225ff2094d32184849,0.9894774360568672,3134.8899999999994,3101.902919520312
623ad9d0c1e14bb5464a8c72bff7b4af,0.9973429823800055,95.0,94.74758332610052
3340ef1913fb70d28420f6ceb685c339,0.8712852448088328,6731.149999999995,5864.751675594971
669ae81880e08f269a64487cfb287169,0.4061985894072444,13133.869999999999,5334.959467458125
80e6699fe29150b372a0c8a1ebf7dcc8,0.7556861495741417,11119.659999999989,8402.973049973592
13074f016982ff2bd6c58ced8682f000,0.8881855983230372,1977.0,1755.9429278846446
6fc26fe110feebd80a433e1f012a84f9,0.787745932994075,4150.869999999999,3269.8309608871155
17f51e7198701186712e53a39c564617,0.8291085665372753,48019.0,39812.96425655342
05730013efda596306417c3b09302475,0.8443657467133958,952.0,803.8361908711528
788f22bafdd7ab0e1e79f19db72f16a4,0.7423835692009515,125.80000000000001,93.3918530054797
d66c305afaec317ebee552073a674429,0.8300862141349474,4126.59,3425.425470387133
4e922959ae960d389249c378d1c939f5,0.0199796638629145,45338.42000000001,905.8463916756402
1f50f920176fa81dab994f9023523100,2.0840828445190046e-07,106655.70999999742,0.022227933548098867
7ad32824caee82087b3e2e5f33b1bf32,0.39126992328482535,22018.1,8615.020297877612
e9d99831abad74458942f21e16f33f92,0.36898145973370877,4922.479999999989,1816.3038559099825
bfd27a966d91cfaafdb25d076585f0da,0.5477054889130691,19225.0,10529.638024353753
530ec6109d11eaaf87999465c6afee01,0.7691156898833548,12682.109999999982,9754.009781826579
76d64c4aca3a7baf218bf93ef7fa768d,0.7350994746373456,16911.79999999999,12431.855295171852
058cb5aeb36d7c0fcae20fc85d5e0a59,0.9469338034418188,1236.0,1170.410181054088
e883aa812c37a7413226856f4579fe91,0.7141304271330922,4097.100000000001,2925.8637730069927
4830e40640734fc1c52cd21127c341d4,0.15341031799860338,9490.499999999985,1455.9406229657432
2d2c62bef4c8ba0dd74e0e228e808539,0.7827789161562612,3749.0,2934.6381566698233
31da954dc0855f2495c6310f70a2f931,0.824973521930578,4583.0,3780.8536510078393
681fce914360217db47784ae28905a96,0.8445683534845694,4127.33,3485.8123023874678
d4e4b5192cba4e0e66eb12a9d347239d,0.941319122877596,431.8999999999999,406.5557291708336
376a891762bbdecbc02b4b6adec3fdda,0.7660780346808934,6406.229999999999,4907.672088113779
4a1f694197d05fe70026b016a7316b41,0.6619979128847757,907.7700000000001,600.9418453794129
1e47defeeadeca0e9a18fa5a9311e735,0.8248333168020878,234.12,193.10997612970482
b586cd24c010a13916af621b0325fbba,0.43561867342130267,1108.94,483.0749717038194
534a01cc6df1e034e05c32028a291fa2,0.763658687681841,235.59,179.91035023096492
fb3cfbc8a86f5d7fbb4d36b8df63f60d,0.7858951299402291,1007.2999999999998,791.6321643887927
431af27f296bc6519d890aa5a05fdb11,0.5253523458028679,12974.599999999971,6816.236545853875
fffd5413c0700ac820c7069d66d98c89,0.6896431461075704,8535.000000000002,5886.104252028114
3b15288545f8928d3e65a8f949a28291,0.5083625599590067,13764.819999999978,6997.519132574924
ed4acab38528488b65a9a9c603ff024a,0.7128498451024708,12759.449999999993,9095.571956092717
562fc2f2c2863ab7e79a9e4388a58a14,0.21372979305828843,8659.249999999958,1850.7397105399752
cc3d14116804f7209f3884f6367f1152,0.9109652024004619,5477.8,4990.08518570925
30a2f535bb48308f991d0b9ad4a8c4bb,0.691864308934211,4731.300000000001,3273.4176048604336
50c9975695009e5e6473912e83a6d1da,0.8363793858113862,3964.4,3315.7424371106595
cd6efc47efaabf134f8bdb654e10b4f1,0.7866885580665319,4158.549999999999,3271.483703147576
768de2a4fc06aacecb9a586ccc30746a,0.9396100330804148,442.6999999999999,415.9653616446995
66dc1b1632bd6a3e508510c5b3492107,0.6194752647148063,3542.1900000000014,2194.2990879201407
ae8bfdbf1c2a2a2dee92d799db0a31c6,0.7451958584515499,339.92,253.30697620485086
26e2c91ef821e1ff8985f408788fe35b,0.5681275835728613,1649.4,937.0696363450775
daf565f087a52def0fd5c5825b3661bc,0.557920563905714,813.9,454.0915469628606
bd1d49a326abfa9b1036772e40445430,0.7877564911722991,637.6999999999999,502.35231442057506
72c38a04bd6a1c3dbc5298425a0db86d,0.5606171356125621,647.3,362.8874718820114
41c9d3997dd3c072c31139dc5bb5761f,0.905859510925296,998.8,904.7724795121857
b4b447d715f9ab302a188fb43d3e96b3,0.8532583433977359,685.9300000000001,585.2754954868091
2dee2ce60de9709b1a24083217181a1f,0.8425230971561887,7784.499999999997,6558.621049812348
bdb3edbaee43a761e2d4f258dc08f348,0.8343508690672129,259.5,216.51405052294174
a63bfbaa882c8f4542891b4e2246cc7f,0.8741762665372734,5682.0,4967.069546464788
cf8ab1616079e2793aa29d524df01bb1,0.9703557745914584,9594.0,9309.593301430452
dc8798cbf453b7e0f98745e396cc5616,0.8125799369893028,1733.000000000001,1408.2010308024624
f27e33c6d29b5138fa9967bcd445b6d5,0.3255884036203153,8888.299999999987,2893.9274078984445
cc63f0dd2acba93ffed4fe9f8e0321fa,0.5692338947262549,7096.709999999997,4039.6878730427584
db46ca7bce82b11f7e247539271fc390,0.8123660044424695,933.97,758.7254771691333
dd533b429f380718b70ad9922c294bae,0.7915883283785025,2244.880000000001,1777.0208066103335
7357b52d27cbaa90f81a96cbc1279396,0.854242791248815,1328.0199999999998,1134.4515116342511
8a207b6080964f3c1fc9d35bd6096ba4,0.8100738778320205,553.7,448.5379061555898
90b57083da5d803237da74daec6dcb2b,0.8950066271403871,206.9,185.1768711553461
5d0363b33554b373851fc1622e4d5f3c,0.6006463350794805,6548.7899999999945,3933.506712705148
8629c241b3622ac12cd4118afdc8d394,0.7137360015358661,1167.6599999999999,833.4009795533693
080102cd0a76b09e0dcf55fcacc60e05,0.6338766040173784,5612.649999999991,3557.7275215381337
45d33f715e24d15a6ccf5c17b3a23e3c,0.6000860508456319,4518.489999999998,2711.4828198854784
2bf6a2c1e71bbd29a4ad64e6d3c3629f,0.9217148830857297,50628.90000000001,46665.41064425911
d97df38225e5abadaff1e72cb72b823c,0.8137316601624105,1776.0,1445.187428448441
0ef83d7d83ed97cd2a0049ac8be5f88a,0.7602424429177848,4421.009999999999,3361.039442563955
35ef5aa32949680f627efec3c23e705c,0.9038799283756251,361.59999999999997,326.84298210062605
d149de2f383552baea37a7198c2296ce,0.8390428573706751,320.70000000000005,269.08104435877556
f35b3c613c4f7b2275f4185d0a3c59ec,0.851304167142507,4047.25,3445.4407904675113
28f10b1c5e5abb9d4857745bede6147c,0.575272742865513,835.0,480.35274029270334
58e4b302b54937e55a678c4d15111da4,0.9937525704480594,49.9,49.58825326535816
4a1917ef994878940e1fb03eeb787ad7,0.8792881057211626,768.0,675.2932651938529
0307f7565ff85b299b6e5ef162b1b1a9,0.9393492418802206,4711.9,4426.119692815411
f3b80352b986ab4d1057a4b724be19d0,0.7333194602462217,9815.099999999995,7197.603834262687
850857dfac77488c307e2b1cbd84ab5a,0.8957564484676557,1599.0,1432.3145610997815
6548c2550b6e2d8f18053216e1c7b6f3,0.5936422568563032,217.7,129.2359193176172
3f9be91358837bff69df67edfa3e42e8,0.7608533176908703,569.6999999999999,433.45813508848875
458c6fa920810ce2492da71bc26d9eec,0.8109733526361151,756.76,613.7121943409065
62c50c1af4dfdc4149d25c5222043d39,0.8417580168804847,2325.83,1957.7860484011376
fe4cd9461203cee790d36792420b310f,0.9228603552966965,391.15000000000003,360.97682797430286
4cf490a58259286ada5ba8525ba9e84a,0.9312685344118625,1075.3,1001.3930550530757
2f73e04d12cdf0c945ded66bb3fcf6c7,0.9674070536244156,1359.0,1314.7061858755808
26f6b7ab07be3e9e69ce82a6552efc19,0.8168696516584179,54.8,44.76445691088129
3969863bb8af7f72580b3b1ffd3a17b3,0.7243465421411498,623.15,451.3765477352575
13d058e4eeac2ce8217660b2f8a05812,0.8365662739270713,3739.779999999998,3128.573819906981
4e8dacf3d38f281ae26c3e0321d92d88,0.9289099838243252,2055.46,1909.3373153515474
e250d617a0ad591ba9bd663e584a895d,0.6308129825977734,904.1200000000002,570.330633826299
05a48cc8859962767935ab9087417fbb,0.795014188024201,42.9,34.10610866623822
6989574bd97d9773f10d232b6c07da59,0.9242818496964976,2478.4,2290.7401362878
2bf28e311bba65237358230cabac3f15,0.8275962645283598,294.0,243.31330177133776
4bfc7a4a1cf8d4d2121c27422d9e50b5,0.6718002468757407,8124.399999999994,5457.973925717264
abe021b01ba992245271b9aa422032df,0.9986888374740542,6720.0,6711.188987825644
cecd97bc34ed8330bd4cd15713eda670,0.8814483882070349,57.99,51.115192032125954
56f413900b5166ab4d730e9ac0b12cb0,0.8112114908524378,151.79,123.13379219649153
9da15f4a4ea758d9eeb49000dbe57e22,0.6090830288141225,196.9,119.92844837350071
63272377184e969942f7fff221be858d,0.8163001349837773,149.7,122.20013020707145
d29ba1220fb8634fa3a107e54497b8a4,0.8344517543356522,724.94,604.9274547880877
fb503a924a0b9db19d83dd0ac6dbef8c,0.8703266271414651,13.9,12.097540117266366
5f57db27027655e6c6a391601daa0258,0.8702926972128893,98.0,85.28868432686315
b906dd0e57f282c7089171b6ed07982e,0.9053186186156108,175.0,158.4307582577319
7a425d299613df3e613bcf9d2eaf5c49,0.8555430066094566,1218.8,1042.7358164556056
20a7efa9721046319bdde5d60b6b5365,0.8563655576063846,501.20000000000005,429.21041747232
b16d3dadc47d4eb18be3d88bad0775ce,0.6386480426733558,722.0999999999999,461.1677516144302
e83c76265fc54bf41eac728805e4da77,0.8274736670491616,237.3,196.35950119076605
4c61e37f664c3c88aff092aa5ac779d7,0.8057067100285974,788.3100000000001,635.1466565826437
0f94588695d71662beec8d883ffacf09,0.8795498745185458,9.0,7.915948870666912
0b36063d5818f81ccb94b54adfaebbf5,0.9486966497564329,765.0,725.7529370636712
ede0c03645598cdfc63ca8237acbe73d,0.8151459106570705,2352.1500000000005,1917.345453752029
7e26c750b4cb9f6766f58265ff9ebe95,0.8346535586831911,1344.2999999999993,1122.0247789378132
c3acdfac4e3e97ff87529454fbc03642,0.8607452244852101,16788.0,14450.190828657707
c6381b1321d7d97717a5bb4ed5b77882,0.7757594366211447,66.0,51.200122816995545
7ad41305e96a6cab8294cd65891e9a86,0.8573704635898455,180.0,154.32668344617218
1cbdc7cf130a41fd13a3c2a7d2fcfda7,0.5799550991127242,165.8,96.15655543288969
d58d521f3789def2e7a22715e0badd93,0.851963250708255,65.98,56.212535281730666
f1fdf2d13186575751aa25876536d85c,0.669410928667527,26.3,17.605507423955963
09883d9ab71c8fe8a9bfc7fc3075b07e,0.9139587059168732,269.6,246.40326711518904
344223b2a90784f64136a8a5da012e7f,0.8795536787850986,10.9,9.587135098757575
75a4764c108403a7a0575140cb22287c,0.8620477050360238,716.9000000000001,618.0019997403256
e83e93b71371817b11d78a63ff156aee,0.8467150967666934,286.0,242.16051767527432
f783a638e9c6af4a7d0dbfde811e7a81,0.8129508501295811,849.8,690.845632440118
0885aaf116795758dfeb5f1032487bcd,0.6917818596147222,2573.1000000000013,1780.0239029746424
365e4bce19bda0082c3d15d83fdb8bcd,0.8316814139831566,796.3999999999999,662.3510780961858
1d1bbb8ac1581824986f582583fff01d,0.7920331423068362,166.88000000000002,132.17449078816483
25be943a321c8938947bdaabca979a90,0.9714099771916206,479.0,465.3053790747863
984c273121e743dd14767befe6cb17f5,0.8895637592806004,259.6,230.93075190924387
74636e24f01da9268b0ed88dacd8513e,0.6299256258719015,776.0,488.8222856765955
d79e8478eed9999493990b44955fb22e,0.8810376609259355,721.89,636.0122770458236
d9cd369bffa979d1634f8e1318bf2f1b,0.8970071545722867,678.0,608.1708508000104
fe87f472055fbcf1d7e691c00b1560dc,0.47440603884451443,1085.8,515.1100769773738
8ff38bc3969e67c36c48343a07090f66,0.8474252097078347,3472.0,2942.260328105602
03a2a6dcbe45d639c4dc2a0d24769c40,0.8722669727100272,1078.4099999999999,940.6614260402202
a13580f0e8f782b7a543885a0ef99f08,0.8205805980435644,1304.9,1070.7756223870472
4eeb99008a0f59d2c7759c59f9a346eb,0.8143265758695186,1282.0,1043.9666702647228
c0e0b73d039eb9a99b6ce4cb7a429cd3,0.8904353660570387,29.88,26.606208737784314
b77a27b1864483e721dc831d5ba4afa0,0.9870645896995747,20.9,20.62964992472111
f3041c2e75ec683697a6a5ea82192210,0.8976825503104738,145.0,130.16396979501872
84deb808079d1be601c209c1e771b1cc,0.8706760396151138,34.93,30.412714063755924
2c00c85d30361cd2ced2969cffbbffa3,0.9211311959182306,49.8,45.87233355672788
07e8e8fc5222bb358e6f259da3197074,0.9976365281500883,51.8,51.67757215817457
e5545d4d4473876ea78c5bcebca365c3,0.8421658264878735,44.5,37.476379278710375
585175ec331ea177fa47199e39a6170a,0.8979470565330465,3549.0,3186.814103635782
d25aa0aaacb370e912f8cf6efeba38b3,0.8204439625580668,2658.4500000000003,2181.109252262493
c33847515fa6305ce6feb1e818569f13,0.5275316763415782,15519.850000000002,8187.212487069843
aac29b1b99776be73c3049939652091d,0.7182289302013489,6563.6599999999835,4714.210500005374
1554a68530182680ad5c8b042c3ab563,0.2127511583418046,28979.640000000112,6165.451978328519
3db66a856d18a9cba7c9241fc5221c50,0.6093404964113546,9478.299999999983,5775.512027135732
f8201cab383e484733266d1906e2fdfa,0.9089880739676263,888.9999999999999,808.0903977572196
7142540dd4c91e2237acb7e911c4eba2,0.08241431117063823,37181.9400000002,3064.323973088017
1d8dbc4f32378d715c717c1c1fc57bae,0.809903382120269,11205.989999999989,9075.769201005904
95ec4458365c4d11f452ccf538377619,0.6753531480086906,1866.7600000000004,1260.7222425767036
43f8c9950d11ecd03a0304a49e010da6,0.7624611778838716,4249.5899999999965,3240.147396923519
51e4e89242cbb846c2deff3dc015650e,0.9372277473615639,822.5799999999999,770.9448004246751
6a38087bc8ad4f89ff453561005f6dea,0.7816975631472619,1833.4300000000007,1433.187763201085
7040e82f899a04d1b434b795a43b4617,0.1179964331985186,9213.699999999964,1087.1837365611866
001cca7ae9ae17fb1caed9dfb1094831,0.7402992609409497,24487.030000000017,18127.730211638875
3d621842b2ed28e2b474132480edac3c,0.9258214257340769,873.9300000000001,809.1031185917818
4170f6a9367e6b5d6401d03ce6d54569,0.8770008205805374,568.78,498.820526729798
6f229cc508fc6915ed5c499efd93baa4,0.8801445555700553,2654.8000000000006,2336.6077661273835
624f4ece8da4aafb77699233d480f8ef,0.7717470746699205,9046.0,6981.2240374641015
65b081a070633e057c462abdd6fb9dd8,0.8797482986275011,1885.0900000000004,1658.4047202597164
3df020b72d3d44b3af9d110fa3940b65,0.7394110282889973,5039.899999999999,3726.5576414737166
8a2d12a90e92f012ce5226fc6592b653,0.8429488506394943,1594.65,1344.2083846722696
ba143b05f0110f0dc71ad71b4466ce92,0.49796758424415277,5998.699999999996,2987.1581476053975
ea67327e24487bdfac5fbfa37ea124df,0.6846705600596854,6250.1799999999985,4279.314241073844
dc64d75cc406bb0697be983831430e60,0.7478704969723745,813.0,608.0187140385405
10cdd491d1dbea8fb4ead97b19c334ce,0.8554430861095013,208.9,178.70206068827483
c9aafcd0621b2207c10e32c649cada4d,0.7989490299798292,2671.2599999999998,2134.2005858239186
39c763cca83e654764b7a4a650fb9b7c,0.8779669302701566,761.0,668.1328339355891
5a413ade68e8f8d93071a7f52a64cb9e,0.7834006599988881,778.9,610.1907740731339
a2fa0bdc798ee84cdb08281337cf4fb6,0.9583116910447722,354.86,340.0664866841479
2ff6b7bff164ef05590a52734e1296da,0.8341382263280736,1803.59,1504.4433636230501
bc302730ea8cf49b5c74f579febb5bbf,0.8689331240809987,2640.8999999999996,2294.765487385509
f9d010e39375d9c91dce3f40b73a2f84,0.8393911304340209,1212.0,1017.3420500860334
ba6b68b55fe8704377a7d43c8e5c0185,0.8305850110668413,739.77,614.4418736369172
9de4643a8dbde634fe55621059d92273,0.7564592081921071,17560.339999999993,13283.68089198418
ccc4bbb5f32a6ab2b7066a4130f114e3,0.6761640963404801,72926.72000000002,49310.42972787523
c794dab4928dd97beb41d05514441e86,0.7802544051283262,1312.4,1024.0058812904153
ccf8813e5a7d6c84d865cd38bfc2b130,0.7991199430730036,2635.5000000000005,2106.080609968901
a4fc6eadaff1576af888509a53420f6a,0.7652151976855303,100.86,77.17960483856258
5def4c3732941a971cba8fdee992ede1,0.727960376607943,134.8,98.12905876675072
16090f2ca825584b5a147ab24aa30c86,0.015929254645964997,25579.160000000127,407.456953269884
e3a386fc36e22064434e1fa256f6a9fa,0.7785695926127211,793.8999999999997,618.106399575239
f46490624488d3ff7ce78613913a7711,0.2795043278949535,5690.949999999997,1590.6451548337848
0725b8c0f3f906e58f70cbe76b7c748c,0.7208206947741761,2161.5199999999986,1558.068348168276
e1c76f339ebd5460999f25a2aa8c92c5,0.7702701081483719,899.9,693.1660703227199
0ee4fb99ac55ffbbc98795aa01b7f8fa,0.8480073271949032,59.9,50.7956388989747
6e13dd869aa7185f601c941423abcc8f,0.8036267340405846,522.0,419.4931551691852
57c764b4a836300be881e2ff86e449f9,0.6186194526758434,1156.1000000000001,715.1859492385427
7202e2ba20579a9bd1acb29e61fe71f6,0.8332009590552512,12085.699999999988,10069.816830854039
e58a5b390e28abc0b216cfb0e07d27d7,0.7190879550753149,1022.5999999999999,735.3393428600169
1660ad786c27fd935378b6192a90b417,0.8369716643089599,1570.0,1314.045512965067
228e4c1a0be164f613d41c24345f9d2c,0.8721720678080083,539.7,470.7112649959821
35857757f553273b1056c1cabdace7fb,0.8320830522061262,454.6,378.264955532905
cd68562d3f44870c08922d380acae552,0.43665412212247734,18119.699999999997,7912.041696622651
08d0949a9a17c027262db1f3c450c26c,0.884054825843645,324.79999999999995,287.1410074340159
6d1b9c9579132c87d2703ec38c30f2c5,0.8593722373968087,299.69,257.5452658254496
a1bea7061f61f6fdd9a85a6325ba1033,0.7033592570356034,810.9499999999999,570.3891894930225
0bf0150d5b9d60d9cd2906003332f085,0.765570997189081,5774.599999999998,4420.866280368065
f650a9708fa1bab22bdd8d3a818cc415,0.9653263436949167,416.04,401.6143720308331
519a7aa428f18d125a283cf8c014fdd6,0.8766392168705691,79.69999999999999,69.86814558458435
77fccaae319668a8ab6cd0fd16aec48c,0.8233789714216265,1667.0,1372.5727453598515
bd4ff04377f974574f7f0bf9d6ce7dde,0.7292598244240138,164.96,120.29870063698533
9198786624eaeb375793215cad26cfa6,0.8616625943881221,854.4,736.2045206452115
ea65d8b58316a6f2362f2a9e4b3e86ad,0.7714062818199217,2061.400000000001,1590.1769093435873
e84ad2127668df3aafc6b73531a0beb8,0.8544927934226936,987.0,843.3843871081986
8444e55c1f13cd5c179851e5ca5ebd00,0.7352525653471489,21480.960000000017,15793.930946119504
6d988d6174a2c27441597174f8905515,0.8132763560926255,371.72999999999996,302.31921985031164
4992e76a42cb3aad7a7047e0d3d7e729,0.6804649868845364,2171.200000000002,1477.4255795237068
89de2d6f23e9746ff309705b23581faa,0.8836331454133517,340.0,300.43526944053957
f0b47fbbc6dee9aafe415a6e33051b3f,0.6450240567504852,3766.9199999999973,2429.754019854536
63ffcb71394dd8ea3872ed9ffda17c74,0.8692233133329004,398.9999999999999,346.8201020198272
23a0ffca143a15b9b5bbdb7d552f626a,0.9096913116567084,3718.51,3382.696239308587
55c96925041a14097b6a7825554f4ad5,0.9206372029743096,170.0,156.50832450563263
e76ecc7e9a1a1e3c6df9d2a8261c423d,0.9171064659975617,20.0,18.342129319951233
26b482dccfa29bd2e40703ba45523702,0.7476310281646058,344.78,257.76822589059276
a00824eb9093d40e589b940ec45c4eb0,0.85882946302988,9399.97,8072.97118759698
e7df4cd29ab5abab70fb0783ddb53987,0.8085585531793633,9608.699999999999,7769.196569934547
5cbbd5a299cab112b7bf23862255e43e,0.7631666448035509,2726.0599999999995,2080.4380637331674
a6fe7de3d16f6149ffe280349a8535a0,0.7509858811875847,2844.9000000000024,2136.4797333905613
70b52a4cfc823994561b00bad161b4ed,0.8284097937845731,585.0,484.6197293639753
1ca7077d890b907f89be8c954a02686a,0.59988054251461,12474.639999999994,7483.293810874451
3e46a38ee171c503c3b4a3f23fe3bf0c,0.8111409639071364,59.9,48.58734373803747
93dc87703c046b603023e75222018b45,0.8750048959677508,8149.35,7130.72114895479
df0f42bc4c2142eacf0eaf2cffd0cfbb,0.836671118788709,1654.0,1383.8540304765247
b561927807645834b59ef0d16ba55a24,0.621273466461115,4501.990000000002,2796.9669332732765
ff1fb4c404b2efe68b03350a8dc24122,0.6619373056010949,6771.0,4481.977496225013
32f1bb9dfa65bc7df5c0d9d95a616be4,0.8926870488541869,246.49000000000004,220.03843067206856
7238f877570096ae403c51898fa64566,0.8885027381732319,1200.0,1066.2032858078783
2199e7fe213c16213bf5d6a7eadc9a5d,0.6615425617648396,3767.290000000001,2492.222677511063
180c3376aff0e43dd5788709df48a843,0.8392264752255489,4513.0,3787.4290826929023
cac63f48c38cd7d002a7e846dcd99a23,0.8266016453751547,873.9999999999999,722.4498380578851
8060d731897e33b5c5ae575ce1e209e1,0.8521035095553594,199.5,169.9946501562942
aeb36d67f1414f234d42a29e27cf1f17,0.843180331714608,3263.8,2751.971966650138
1bc2e21de46adfea6b98cc96b00f3b40,0.9171351508805268,1039.95,953.7747001582038
f021c962aaba8ef6eb527a9c2c8394d1,0.9091359705787674,4398.5,3998.834566590708
4450bd8327d471c4a11a83d1445b1b62,0.8115433670983002,199.0,161.49713005256174
d263fa444c1504a75cbca5cc465f592a,0.7361456702630871,399.0,293.72212243497177
b0b346d3a89f5eb4c2968af3f083cd43,0.8613431539221903,469.0,403.9699391895073
2a61c271b1ac763450d846849783e922,0.827324730988031,1486.77,1230.041590291075
1e8c6a4c538f286aee9573239740a4b4,0.7012853352519135,359.7,252.2523350901133
8e2b3afb420011ef0c88c9d5f11ea526,0.8375233667370175,1384.5000000000002,1159.551101247401
7ade73f1b9b4e965f9009a4c3a7e2c15,0.3563203926536808,1835.3000000000006,653.9548166373006
5cf1ec37aea089f45110c70653a166ab,0.9995091351001506,35.0,34.98281972850527
a7a9b880c49781da66651ccf4ba9ac38,0.6208483524266516,307.6,190.97295320643804
6e864f5c4669eff3d98140a07cc50202,0.7936002123445748,740.5899999999999,587.7323812602685
baeda7047354773262ba2405f97038ba,0.7944755342604701,35.0,27.806643699116453
5b35136197710e16ac5e7b7c2bd4ea85,0.856474356441529,3104.2000000000003,2658.6676972657947
3d01d1c414c44b5943a09619ff3853cb,0.9637610726052238,303.6,292.597861642946
2bdb95a56a36ebbc6640337ac5eac174,0.8112278067969578,89.9,72.92937983104652
3d62f86afa7c73be2628a3be1423f5a0,0.8741520775612102,12.0,10.489824930734521
6750d71153f00fc58829af2a8ef1bcf1,0.8918605293120486,3514.0,3133.9979000025387
432c67955c0acd1fd6b0b5d678766a71,0.9901606978528561,389.0,385.17251146476104
ba6ce6de456f6c11d08c17701ba5c26f,0.8516029144082727,744.3500000000001,633.8906293397979
9c7fd21e0aa159b20da593371f08ff7c,0.4953633795130209,798.2999999999998,395.4485858652445
ffa6adafb71b807dc13159e26431354c,0.6678372796927985,2500.9,1670.1942527837198
544863df86ed3b78a04e0820d41430ee,0.9337115372102242,23.9,22.315705739324358
f26d70155c2b6326fcfa1780c8c684e4,0.9481771073661078,202.89,192.37565331350962
42b6488f5b8246d9141712abd4b1b693,0.8318654259994486,247.99,206.29430699360327
a13aaf2d2886ab9fb30fb9a920160b8f,0.9049418332767227,1011.52,915.3667631960706
72c5da29406b4234927b81855e7b64f6,0.6529072998987935,11798.689999999995,7703.450830242892
1d139e3a3b14025640d8df1b230aace0,0.8570384647393862,36.49,31.273333578340203
1fa2d3def6adfa70e58c276bb64fe5bb,0.8180280664784778,6.9,5.644393658701497
92d14edfb62ee5ae7fdff70b0f4e7233,0.881030893984292,322.0,283.691947862942
a4b6b9b992b46e9ef863637af96e04bc,0.9768116068645553,5293.0,5170.263835134091
89c127985a8b130cfa45c1d36764017a,0.8406798981854877,1334.67,1122.030239711225
5bffbafbb22daf6d3bfc216a46db8708,0.8552840647115661,5239.699999999996,4481.43191386919
28405831a29823802aa22c084cfd0649,0.9058218406864293,210.0,190.22258654415018
528ce32f560edd11add4169f6a5b65be,0.8160452130033029,59.8,48.79950373759751
d3674f271c91f824f82d24d92011f669,0.9091920406529148,1718.3000000000006,1562.2646834539041
cda598c48d7c614bc1cad7d8ff6f0010,0.7631777384113883,1118.6,853.6906181869788
1b61fb1f0f2185d89e9a126c498e9cc7,0.8987223842421457,49.7,44.666502496834646
bd43e172d599bed47a85da877172ca8c,0.8071142543004339,23.92,19.30617296286638
117cfc326c6d50da67ca858ff5c0c852,0.6094902342456204,454.6,277.07426048805905
e9874ae10b2d60d43917b6bbfa13a599,0.8274111660390656,199.0,164.65482204177405
a08692680c77d30a0b4280da5df01c5a,0.8504025731700748,2433.0,2069.0294605227923
59cea8e446d3834393058e7e0666b6fb,0.5248130072956877,696.5999999999999,365.584740882176
e1643dff33666ca629e3644c02738179,0.7097313686437989,170.0,120.65433266944582
139157dd4daa45c25b0807ffff348363,0.8398400442059087,29.9,25.11121732175667
47648caee88ccfe951fbb27fbf7b4cbe,0.8408065516948678,1564.99,1315.8538453369513
ba8e85df286308fe68a2ce83a8f8b2d6,0.882980001946866,80.9,71.43308215750146
48bad451945f5227341793478d6353ea,0.832509579208769,307.0,255.5804408170921
dcb7367a92f5ffb89f1e2152ed260285,0.8399671123161836,79.9,67.11337227406307
c1f12f926d0ba950578b4fa41115cbb6,0.7768840133169437,479.6,372.5935727868062
3076499bbc033a927bf4a8a41bcf7fd4,0.7804925851653608,359.33000000000004,280.4544006274691
693660429f9dc4ff704eb3d88dad54d7,0.7822110767438781,124.0,96.99417351624089
8c351ed7c326c62123318f4f3246e906,0.8520798218486881,114.9,97.90397153041427
bac692d6c0ed08467878018e6cc9c26c,0.880483796807111,477.0,419.99077107699196
a663d9c3797e90eac99ff60939416a56,0.6343226246109673,235.0,149.06581678357733
1b4b28463457a256e9a784ebe2a8f630,0.6129372267109743,699.42,428.7005551061896
6e1862e15f33d9994bc25922a85e1efc,0.8791215270448031,668.4899999999999,587.6839496141803
3ac588cd562971392504a9e17130c40b,0.8264863155513134,11.9,9.835187155060629
d85efbc8eff2b7adf524e2820569adc8,0.8610114134383106,55.0,47.35562773910708
2c2c9832d1bb38c5b0034a3b47d313ee,0.8252889939940975,49.9,41.18192080030546
e9bc59e7b60fc3063eb2290deda4cced,0.4493970240133855,33543.69000000007,15074.434460427588
1c56ffe0e9dea2657fc6e95b53f40b13,0.8406172409562173,183.0,153.83295509498777
318f287a62ab7ac10b703ac37435a231,0.5411630329353635,2432.4799999999996,1316.3682543546129
7c5b05cbdb5542049f38d90d7815b97d,0.8326601542312809,993.97,827.6392135012663
272f092de69afedd4d2969440b37f18f,0.7901490255988519,1846.3300000000008,1458.875850433929
f205b1a3ca9a34e0f8a228bae6e4c7b3,0.8895267774965302,1088.0,967.8051339162248
1e8b33f18b4f7598d87f5cbee2282cc2,0.4347519139467544,17233.55999999998,7492.323194116219
ff1e15b778c700abdd4d239b81ac466d,0.8805926342166795,414.29999999999995,364.8295283559703
c826c40d7b19f62a09e2d7c5e7295ee2,0.1028419471900944,44653.03999999992,4592.205581557165
d921b68bf747894be13a97ae52b0f386,0.7648034576332301,15645.799999999994,11965.961937437987
1025f0e2d44d7041d6cf58b6550e0bfa,0.0001397879219142784,138208.5599999995,19.31988739316479
88460e8ebdecbfecb5f9601833981930,0.34752126636319436,31320.400000000154,10884.505071001846
9a03a4e9eb0b947652fae4f6121a3f5e,0.7535924346464815,1497.0,1128.1278746657829
fe2032dab1a61af8794248c8196565c9,0.2251085052082868,65689.71000000011,14787.312425665874
53243585a1d6dc2643021fd1853d8905,0.7723112533726428,217940.43999999957,168317.85437698493
b2c97074649f92197d9387d9033dda5f,0.7280865434693304,684.7099999999999,498.5281371788852
bd4889b5e9133b35b66e42a8665cea5c,0.7920314603768754,6271.899999999998,4967.542116337723
2f74af7a0ee5636f12c2336f9fffed47,0.8142404988145581,560.6999999999999,456.5446476853227
1c129092bf23f28a5930387c980c0dfc,0.17395684838199144,9528.619999999968,1657.5687046296057
76ea5315acb3f5f7ade3cd261faf922a,0.5411152511336765,1087.06,588.2247448973744
ef506c96320abeedfb894c34db06f478,0.09523299689539692,9556.499999999949,910.0941348308559
3b872fd4747f01cc56206f2934198618,0.6918062643984685,2726.74,1886.3758133858798
f7ccf836d21b2fb1de37564105216cc1,0.5535259152914401,2748.4000000000005,1521.3106255869943
bba74270a87732727b5a3b4fd9ac1c39,0.8242413118379874,5964.599999999995,4916.269728588855
5b0cc932433fa5184b5b94bfe6bcc256,0.6373759209237898,1437.8000000000002,916.4190991042251
81336a0f57a33776419727a300249e90,0.8440611044071528,1351.9000000000003,1141.08620704803
eba88037e1dca898cd02881f67ced679,0.8541085209252304,838.0999999999999,715.8283513874355
daeb5653dd96c1b11860f72209795012,0.7459963461222467,1864.1000000000013,1390.6117888064812
1da3aeb70d7989d1e6d9b0e887f97c23,0.0723829830203334,8691.55999999995,629.1210399002053
f214d28e8d8e3ef068748498ccc2f813,0.6376948604552278,2152.4299999999994,1372.5935484896456
2c9e548be18521d1c43cde1c582c6de8,0.44919625555377857,6013.559999999988,2701.268634547975
08d2d642cf72b622b14dde1d2f5eb2f5,0.7472845084724267,908.9999999999999,679.2816182014358
6d66611d7c44cc30ce351abc49a68421,0.345464526643538,13428.59999999996,4639.104942485401
2a7dc43cecabf23403078e2188437d1d,0.5931188403747811,4795.909999999999,2844.544577741816
4e5725ba188db8252977a4f0227bd462,0.8257771438442904,1865.0900000000001,1540.1486932125476
9853a239ab7b7ebbdc3a21248d5b8e1f,0.9465099538958666,242.0,229.05540884279972
2fa13c8bd5705d279f7ed5cc9ec61c68,0.5499680633983255,87.4,48.06720874101365
048c2757535328e0d7dac690ad3c0aae,0.7723163285000019,9065.079999999994,7001.1093031587925
9b00ed88b7fdb95d6ff76e27c1b52d16,0.782574449665519,1567.8800000000006,1226.9828281415744
6c7d50c24b3ccd2fd83b44d8bb34e073,0.5642216842029399,8445.960000000001,4765.393775910663
3be634553519fb6536a03e1358e9fdc7,0.6029276792550957,5231.019999999997,3153.926748736989
dfc475d54e1b6dbeeb7d7d9bdaa63827,0.85924408096269,1708.3700000000003,1467.906810594231
70125af26c2d6d4ef401a1d02ae7701f,0.9070149258069462,371.2,336.6839404595384
8bb48dc19fccaa8613b6229bf7f452a2,0.5387241979088839,4190.719999999998,2257.6422706607173
855668e0971d4dfd7bef1b6a4133b41b,0.15263537351323025,30849.220000000052,4708.682217291821
817245bcc3badd82bbd222e0366951a6,0.8237417468449793,5345.599999999999,4403.39388193452
7daca0837f033a41a6f3428c18657533,0.8085407101302277,1228.9799999999998,993.680361935847
f680f85bee2d253556ac91be391d2c82,0.8462736240452025,5183.919999999997,4387.014765160404
c26ba52cf8d2f34915f2f6b7ffa0a3f3,0.9994596711016673,107.47,107.41193085329618
b87a7ea0c30fad2dd6781b74a0064859,0.8261838501315204,515.4,425.8151563577856
e3d3b3efac954a60d61be70b7e05b49b,0.8980570903715813,1282.05,1151.3540927108859
e5475dcab1e07b63d7f6e902d8f5eda8,0.7976773940581181,2192.0,1748.508847775395
238fac594e170b59c6d228f5a4f4f1d9,0.7332427890980227,3126.0,2292.116958720419
900ba814c251a692506d7834c1218441,0.7101470821889098,28833.030000000002,20475.692125165304
4b5f66b7adcf57f1ecc0d3c07dd6b177,0.8843357968324652,6381.779999999999,5643.636501509489
888faa8bfb0b159c37de6d898b961c31,0.7365156950916547,2418.3000000000006,1781.1159054401492
5bf397d04035b5f45cc41e82ec106803,0.6875675904620214,1525.0,1048.5405754545827
e5f9e61ceb5f523cc966e0f34095032f,0.8672692685981492,2238.0,1940.948623122658
42fa4ee7240e9b8eb4576358ec142ba7,0.546768239326885,3845.7000000000003,2102.706617979402
4e17c65a516f69d023a2ae78b84f28d6,0.5179515407678245,7639.259999999997,3956.7664873260087
cd06602b43d8800bd0afad514919d35c,0.6408571996593733,2555.3100000000004,1637.5888108615934
6d803cb79cc31c41c4c789a75933b3c7,0.760616822534187,8711.399999999998,6626.037387824315
ed4311e67debd72b8610a5347a743087,0.7736946083927363,3636.0,2813.1535961159893
26bad72add1f86e08a776ce4ffdaf1ca,0.8295785914522363,622.0,515.997883883291
b5d034ac251546e25afe9067f05c1539,0.8815431986864681,69.9,61.61986958818413
7ecef8194babfec876ca720714327841,0.6446639675669777,990.4999999999999,638.5396598750914
5c3460cd3e8a984382ae254e7dd20d9f,0.7941123123880306,775.76,616.0405674581386
9dc79dd988ac42f4d56c340d7048420a,0.8065401112740128,749.6,604.582467411
f6122bc84774df1b372bdb3bb88ddb9f,0.8611994182149215,4799.87,4133.645251507255
59417c56835dd8e2e72f91f809cd4092,0.9308266210228421,36459.0,33937.007775871796
3a1a1fec38dd360f15fc912e821e169d,0.8177879388860588,2007.3800000000003,1641.611152761097
8090490573c6c0aa343a7231ebcb8c86,0.6871095257346922,3871.1200000000003,2659.883427262082
730937bf88cb151eb2eb849f642fc213,0.8261025283901424,2821.2,2330.6004530942696
fc59392d66ef99377e50356ee4f3b4e1,0.7937615004526704,519.99,412.74804262038407
36890be00bbfc1cdb9a4a38a6af05a69,0.8160565252385109,1361.3000000000002,1110.897747807185
0cbcee27c791afa0cdcb08587a2013a8,0.8115912137020952,5054.15,4101.903732732444
1746c1ae87ac63d530c7c943d0ac42e2,0.8412471764094098,229.9,193.40272585652332
d354c38a7182125a748cb10474fe963b,0.898187172418669,1500.3400000000001,1347.586142266626
ad97a199236354e53fcd91a5a913e9a2,0.8995155575701581,12446.849999999999,11196.135217742121
3f9c56764fabca627406093dcb3ef0b4,0.8855829105555305,909.3,805.2605405681438
26af45f5dfd967225a832838aa4e24a3,0.8818315673793361,573.0999999999999,505.37767126509743
aac51c486b672a9850d59f3e84b1cf88,0.7511551983634689,728.2799999999999,547.051307864147
3442033154be05bac582e173ef54fd12,0.8864486775817307,161.0,142.71823709065865
02f5837340d7eb4f653d676c7256523a,0.9184259861471583,3883.0499999999993,3566.2940255087224
a21c11ec5c3f03e7cc9f9203bff9e1c6,0.8139720527433809,385.0,313.37924030620167
2e1a7d075abe038c1b2743005fe42ff1,0.8006151196946109,1366.8,1094.280745598594
822bad9bc42b51213ba522fe87b7ab5d,0.8711443243698491,5160.0,4495.104713748421
49e7217cfe4e427191c378ec626d8737,0.8723093434562348,2868.8000000000006,2502.481044507247
bbf4a892cac7b82422baa711dffb8997,0.8602085487788143,70.0,60.214598414517
ed859002ad59dbf8cf3602696a6c3000,0.9089447278977221,2063.9,1875.9710239081087
98f52e1020fe788c10c0418de4393fec,0.8923721371674397,21.6,19.2752381628167
34d1ca11b242c0fee2c834ae8d788566,0.8711923982536989,13422.240000000003,11693.35345553673
a1474fd46fd3430168f7ec202da39408,0.7443485884707242,2752.5,2048.819489765668
1a932caad4f9d804097d7f8e615baed1,0.4050842903087771,4661.0,1888.09787712921
2e7ea2aafec5835e781b21d6d1faf1f1,0.6036401480322651,528.4,318.9634542202488
f4a04f7be452aa3bb31760bf00055dd0,0.8130884193363325,1312.1000000000001,1066.8533150112019
1f9ab4708f3056ede07124aad39a2554,0.7872903000325125,13312.929999999984,10481.140654011824
3f3486b61f45078d4f31ee5e43d8c5bb,0.7888487342193551,3769.7300000000005,2973.74673884873
13f57c12a00ed4610db646b913a7f5c6,0.8305880787510983,645.1999999999999,535.8954284102085
596849622429351f47b32e6cae1055ff,0.633102983933185,1069.8,677.2935722117213
83deb69e889cf80f82be1dc6d5f2d486,0.8608193173353585,5363.009999999998,4616.5826070627
ac6417315ae5da8f9a38ee11de6f7780,0.9351424479143151,716.4,669.9360496858153
ae45ad30c2d2e5913094769690a239d2,0.8592700825081574,251.8,216.36420677555404
8cb7c5ddf41f4d506eba76e9a4702a25,0.9908963229970772,69.0,68.37184628679833
df47da4ae86fa4db890d05aaf24e21d8,0.7558124372223562,310.5,234.67976175754163
a5259c149128e82c9d6d46e0c1c812bb,0.8987844083472553,1182.26,1062.596854612626
43402bdf22aa2310e8f99e2f94f78628,0.4638119348937417,649.95,301.45456708418743
fa5fdc4e4bb6bd1009ad0e4ac4096562,0.8410756920426814,161.99,136.24585135399397
af3ef48d0e13835e529c29ac573c63e5,0.4450456088913561,1405.63,625.5694592259568
0ff83046c3fa22efee8ecf291888b191,0.8945339726203633,768.8999999999999,687.8071715477972
902c99f1ac505c0d18778b61bcd636f7,0.8260223724442876,123.47,101.98898232569618
82bd0703a4aefd6b599e5bfdaed378fb,0.7597892507814051,2394.28,1819.148207360903
3442f8959a84dea7ee197c632cb2df15,0.8557075697920649,218.70000000000002,187.1432455135246
da20530872245d6cd9d2f5725613c430,0.9040839099495508,314.96000000000004,284.7502682777106
c2d70ce2c5d0a2eb75e78668236e6dc8,0.7987407339311725,2470.9,1973.6084794705341
fb89df7f89fd1b8f03fa2acca1ba7364,0.840635239449553,2220.0,1866.2102315780076
8bd0f31cf0a614c658f6763bd02dea69,0.7052881243026065,4455.339999999997,3142.2983917303727
a6bd7d1ccdac48c6b33b28596b7eb122,0.931691421689964,13669.11,12735.392529136505
99cd94252748d2bdde08e17858233602,0.6864884541523139,159.8,109.70085497353976
22a23e5ac7061fc538cc2a019afaaf16,0.8918076414729865,95.0,84.72172593993372
d297f1055de2956aedfd3b04113dce3e,0.8399020636415606,54.3,45.60668205573674
1d503743d2526f03f0c2c89540ee008c,0.6558800640570182,516.04,338.4603482559836
4e7c18b98d84e05cbae3ff0ff03846c2,0.7332266906192506,9038.899999999998,6627.562733838343
c6381d2d013342748761e906d45aff76,0.8507023720647368,2042.98,1737.967932080816
0015a82c2db000af6aaaf3ae2ecb0532,0.8979911731274469,2685.0,2411.106299847195
236585a4ddb5fea9fa40233e2249ed91,0.8387119257189171,649.53,544.7685571122082
4e85b538b0dad58852641540686d0e14,0.9240646245149029,361.97999999999996,334.4929127819045
d9442042130b7fe579d1295f9f4a248f,0.6760884954006078,772.1599999999997,522.0484926085331
41c2bad7229b0c25e6becf179ebf63ff,0.9083855949806604,782.0,710.3575352748765
3a734b715d333a2588a3d54a0c9b8746,0.8895779424425412,2121.52,1887.2573964506998
e21a1e8be4715b0fcfd5385643bc49c4,0.7769852109114894,673.6999999999997,523.4549365910702
26e13b6ff5b641b329e5524241ee2c93,0.7661810648586268,119.69999999999999,91.71187346357762
bc30de0d71bd6260b936a026b5cf7200,0.8148444596049578,392.37,319.7205206151973
4677a5437afda5fa7140b927b07be1cc,0.8726351815801975,3415.7000000000003,2980.659989723481
08f5819815f3d06545011850bd70f0a8,0.8078846160742864,452.0,365.1638464655775
c72de06d72748d1a0dfb2125be43ba63,0.8646223963258867,17522.0,15149.913628422186
586a871d4f1221763fddb6ceefdeb95e,0.8974259143569523,198.0,177.69033104267655
1dfe5347016252a7884b694d4f10f5c4,0.7472619143964477,1632.5,1219.905075252201
d7d517afce974cd491b8d52bb5b5b1fc,0.8182617133499928,89.99,73.63537158436584
674207551483fec113276b67b0d871ff,0.6912020159672805,119.9,82.87512171447693
a35ef466c6fd6d052f5d241240d3c5e2,0.9032616628788888,569.9,514.7688216746786
52bb00821bcdd358a5a5a27e1f6be5a1,0.874118251877688,349.8,305.76656450681526
6a8a889bde935bafa76d7848782dfaf9,0.828563766993418,860.8200000000002,713.2442619032743
e88f7a2995ba184710d339c5c4bf2e30,0.7928098717429374,251.6,199.47096373052304
04ee0ec01589969663ba5967c0e0bdc0,0.8917963618595379,289.49,258.1661287947176
f1ed6bd0a9b11b581f16c851c6a5a527,0.7968210370702616,1622.7700000000002,1293.0572743265086
1f7dfad2cb384ea4d2d7e1ffbd78c407,0.6878303420595765,49.0,33.70368676091925
43a1d4bab73b816e44ef4e4facd9f9b5,0.8725996648165154,189.9,165.7066763486563
5f5a58930c3c35f3b5af264f34fb8c85,0.31767995934965737,560.0,177.90077723580814
e908c0f3646e8b60375734a350d95d71,0.8604308597643329,2951.0,2539.1314671645464
1cbd50a8c52e6cf8e315c5709fab386f,0.8085314684266931,785.9699999999999,635.4814782393279
9e25199f6ef7e7c347120ff175652c3b,0.8180438208670292,12.5,10.225547760837864
e2c92f9c1c7746d899d18f2e158bbff7,0.9013086335396906,1641.9,1479.8586454088181
04e38a233f726ef161074ab1c9b0399a,0.8406072061856056,991.5999999999997,833.5461056536462
70126eecc6aa1274392a1743866e9678,0.798292510337928,97.39999999999999,77.75369050691418
365e445f796710c3431557e85caa25db,0.8869207766551713,1115.0,988.9166659705161
f9bbdd976532d50b7816d285a22bd01e,0.8575737264513557,268.0,229.82975868896332
1354d51653f645349064725ed204e85e,0.7894585255160808,2410.0,1902.5950464937546
b7d5b4b87af9d42b601865d3f3810bff,0.9948845221436192,350.0,348.20958275026675
4e480be820e37de1444325ff358c9296,0.7121113027316651,430.3,306.4214935654355
6879c4d287a8dd06b11f54ea8f78e4da,0.7298531739938566,527.67,385.1216243213383
56e361f411e38dcef17cdc2a3d99628b,0.5669831451489226,1298.0,735.9441224033014
3c88ed2e76a2247933a15daa7161eb1c,0.7948456100664362,155.0,123.20106956029761
1cbcd2ee0afb3fc09963b87eb65e7e4f,0.8960273620923952,90.0,80.64246258831557
31be790e64fc99f8ff48ec2bd18a3104,0.7067593667474696,241.4,170.61171113283916
05ca864204d09595ae591b93ea9cf93d,0.840221003702714,179.9,151.15575856611827
dd264199fc8b687ad029de7de6d760e6,0.8936993403443351,87.9,78.55617201626706
2d8cfba3fcd3170555941605edaa196a,0.8398784273789642,45.0,37.79452923205339
e48cc16ab70bfa09e1401740dce0b3d7,0.8317622055166985,1084.83,902.32059341068
7b07b3c7487f0ea825fc6df75abd658b,0.6638924144672179,9259.469999999992,6147.291894986765
9c1c0c36cd23c20897e473901a8fb149,0.6215177150273604,544.97,338.70850915846063
094ced053e257ae8cae57205592d6712,0.5095077524325873,1519.2,774.0441774955866
51ed72984a04e5dd35c2b27e77179038,0.7966783307819528,1294.3000000000002,1031.1407635310816
fe26f3ecb51a15e6d8335cd92da42562,0.8360059146631803,2708.96,2264.706582585969
8cbac7e12637ed9cffa18c7875207478,0.7323782186639634,2955.9800000000005,2164.8953668063027
c3867b4666c7d76867627c2f7fb22e21,0.39815472313829914,34666.900000000016,13802.789971563108
6bd503a8230299c9316fb0f726933927,0.770521961521675,324.29,249.872566901864
5bc237df65098fe211bb4818f4d26d78,0.9004561540616843,126.80000000000001,114.17784033502159
b2ac621f0d0322434d04a12b078b9369,0.8265053689212133,9575.499999999998,7914.2021601050765
6560211a19b47992c3666cc44a7e94c0,2.4282929555077825e-10,120702.83000000003,2.9310183179885352e-05
7d13fca15225358621be4086e1eb0964,0.003697604548547171,112436.17999999993,415.7445305892682
1900267e848ceeba8fa32d80c1a5f5a8,0.014763202477525243,24639.5700000001,363.75896086915816
080199a181c46c657dc5aa235411be3b,0.6952348369335423,14504.199999999986,10083.825121851474
acb6c2ca5c82411c1fdb88d5fd5eb95e,0.7957575341957195,413.8799999999999,329.3481282529243
37be5a7c751166fbc5f8ccba4119e043,0.16025724283964932,54735.55,8771.768328311768
7e1fb0a3ebfb01ffb3a7dae98bf3238d,0.43966805141026044,26169.530000000002,11505.906261422355
42b729f859728f5079499127a9c2ef37,0.42573430148880453,4096.960000000008,1744.2164038275762
6c6e3d67f969468f3bfd33f827a31222,0.8979380679236332,224.0,201.13812721489384
f615fe7efbef0f4f08fd3086bc7a3e60,0.7975943187224811,2061.3700000000003,1644.1370007849612
cb32766839f443db85c82a43c4a6c19e,0.8384352848070603,234.0,196.1938566448521
620c87c171fb2a6dd6e8bb4dec959fc6,0.0014728544054855132,112461.49999999852,165.63941572250687
d5ba419e26d246a0719437cf37d9b46d,0.820456846123422,3911.5000000000005,3209.2169536117653
1127b7f2594683f2510f1c2c834a486b,0.789586239107264,6669.700000000001,5266.303338973719
8b9d6eec4a7eb7d0f9d579ce0b38324d,0.8098280321664367,4159.5499999999965,3368.5201911978993
5b85809efd0d0e4dea1a9544e1280ed9,0.7646437126586565,1804.6000000000006,1379.876043863812
3c03b12bab54d8b37d79d914bfdb1aa0,0.8403133199288402,4236.34,3559.852929747343
f45122a9ab94eb4f3f8953578bc0c560,0.26855240387468865,21764.680000000037,5844.957133563368
15aac934c58d886785ac1b17953ea898,0.8292439358997953,4353.9,3610.4451725141184
7299e27ed73d2ad986de7f7c77d919fa,0.05974970071580528,34107.44000000012,2037.9093321822927
0adac9fbd9a2b63cccaac4f8756c1ca8,0.4585131101727845,15557.599999999971,7133.363562824099
5b179e9e8cc7ab6fd113a46ca584da81,0.6862710583772154,5173.499999999998,3550.4233205145224
b4ffb71f0cb1b1c3d63fad021ecf93e1,0.4491452263259385,6635.6900000000005,2980.3884868787673
29e6e05b65f93bc224c644319dc52ecf,0.9185697899475473,475.6,436.87179209905355
312ba1d77e9c332ef21f9598b7f64cd7,0.9497118401560363,513.0,487.2021740000466
702835e4b785b67a084280efca355756,0.9985133720945989,7.6,7.588701627918951
81f89e42267213cb94da7ddc301651da,0.613856228648395,3955.0,2427.801384304402
e2aee0892199b1d92530e371abd825bf,0.8418616377022918,5392.769999999998,4539.966183951787
004c9cd9d87a3c30c522c48c4fc07416,0.33582866545458834,19569.730000000014,6572.076309206625
4aba6a02a788d3ec81c03137144d9a80,0.8568707525472896,89.9,77.03268065400134
10076e5788b8ee532724bcd460baf762,0.7686566524889602,821.48,631.436066886631
db4350fd57ae30082dec7acbaacc17f9,0.4854392604316705,3304.319999999992,1604.0466570295737
c003204e1ab016dfa150abc119207b24,0.2860046314209334,24904.290000000066,7122.742282250057
062c325cd6a2b87845fab56b4ec2eeae,0.8071393784594696,133.22,107.52710799837054
850913d59ce317156b00f3705f1c3edb,0.7201791570772225,2183.0,1572.1510998995766
391bbd13b6452244774beff1824006ed,0.9847311771102529,63.9,62.924322217345164
609e1a9a6c2539919b8205cf7c4e6ff0,0.5799106147470721,6595.229999999988,3824.6438836983248
8b2492b7ff4468839593fafeed55bad9,0.8078963722328196,3660.08,2956.9653540818986
688756f717c462a206ad854c5027a64a,0.6262098488332026,5837.6699999999955,3655.6064482381194
718539d38d07dd351c76db862760e2e2,0.7577538713355444,1273.01,964.6282557488613
4c18691b6037662be2df78a765d98ab5,0.34597798190288304,3195.52,1105.5795607303007
86bb7c4b535e49a541baf3266b1c95b1,0.8339514200221475,8162.399999999997,6807.045070788774
7bcd7c5f8631701474db233ccf1c094b,0.965593259690271,419.0,404.5835758102235
11d4c477d09821164bca4f70a2eae031,0.8361030916313338,83.03999999999999,69.43000072906595
93b9a99027bd8bd6af682aff18dd19bf,0.7479063102157473,1916.0,1432.9884903733719
88ef59b51bdaa941d10a853429f2b6ce,0.733367682939206,252.9,185.4686870153252
00fc707aaaad2d31347cf883cd2dfe10,0.7334377934087342,12684.899999999992,9303.585065610447
d9e8c084b68fe958861d8f2c21202e6b,0.8254204399057162,3050.0,2517.5323417124346
71593c7413973a1e160057b80d4958f6,0.7641548521810958,299.5,228.8643782282382
6c17baf138731a4aaacc3210adf2037b,0.8396044767258243,538.8,452.3788920598741
b18871c324516afa228a13e8f1ef0ae9,0.9225386755547766,1064.6,982.1346739956151
883dd81e82754ac2c65e9790a7db8c9a,0.8817713703689182,319.49999999999994,281.7259528328693
df560393f3a51e74553ab94004ba5c87,0.9437364984927678,3429.7800000000007,3236.8085678005255
42fb44130ac3134cde8e35cf8ec7df25,0.9577578471785508,43.8,41.94979370642052
2a5b78b41cd05baeac8df54c6606b92c,0.863956427540807,15554.279999999999,13438.220181769422
d8d9567d0bfb0bc7eb845a205ba42657,0.7428454894651288,74.6,55.416273514098606
0249d282d911d23cb8b869ab49c99f53,0.8414780867388431,393.0,330.70088808836533
0d85bbda9889ce1f7e63778d24f346eb,0.7177364234836069,4845.200000000001,3477.5765190627726
dbdd0ec73a4817971d962698f2fea022,0.7793134331936946,6384.0,4975.136957508546
134a288e7de827ec5ec62e3ec9c3a295,0.8240072257767074,877.45,723.0251402577719
07bf9669d84d1f11be443a9dd938f698,0.7923846292959682,1776.0,1407.2751016296395
093805f8f2aeb63881444571e1f48f30,0.7649007465629399,1215.7900000000002,929.9586786637569
7f7b8245c336066a1f9933c359f11d77,0.625517789741046,2094.3600000000006,1310.0594381220574
beadbee30901a7f61d031b6b686095ad,0.5700103773634984,4373.98,2493.213990380394
6aa3928696eab49a19a466e665a649fd,0.5857958661185927,2075.0,1215.52642219608
06bb3a2fe5e7b7a845b13e8fb91bd944,0.8466008289559382,1536.19,1300.539727433823
c5e60e39c0f42b8e827daa13cff74afa,0.7370313284428365,134.0,98.76219801134009
bd0389da23d89b726abf911cccc54596,0.7962270695805305,7472.15999999999,5949.536060236848
244b04680fdbded0acf5aebd9c92b44a,0.9717316241235516,1701.8000000000002,1653.6928779334603
7b8e8ec35bad4b0ef7e3963650b0a87b,0.8608778935210004,2244.2799999999997,1932.0510388713105
fa8d335d68129e464e60c1826a683e96,0.8921713057022223,139.9,124.8147656677409
a7dc4098e4da6e41b426269d12ae7e91,0.8400658199438591,518.0,435.154094730919
e8dba4d70f7f2b20e775d09cae01142d,0.6316862335556107,855.9100000000001,540.6665641625829
3fac58ce0ad699020c7944d53c41329c,0.7704874641890632,1244.95,959.2183685421743
51702dc2a3e106c76dbff722b5bf0726,0.7900535764763897,2705.1000000000004,2137.173929726282
6b90f847357d8981edd79a1eb1bf0acb,0.25213144234590784,3322.0800000000013,837.6008219884939
70c0fda4c313d87115644d39e62eec60,0.8910497075344355,25.99,23.158381898819975
df91910b6a03bb2e3358fa6a35e32f6f,0.7630994230774825,2093.2000000000003,1597.3197123857865
feb793c88d836c3a75efa4b5a3465d70,0.9295731504354297,466.0,433.1810881029102
60da8bfa7eebe230b7d66ac4082d79b3,0.8502048128102956,86.6,73.6277367893716
f664f98bfda2eaf266a23ff144e7a872,0.79250667642785,153.99,122.03810310312463
b080809eaacb49e5ca07290981472431,0.9062479809120187,424.0,384.24914390669596
9b522ba7eae9e1d04082f267144583cc,0.9370032534577742,1478.6,1385.453010562665
3f84fefc07dc159b268d4a77d3e8c425,0.8694172785476033,200.6,174.40510607664922
97e995629983723d11830a829bc2b246,0.7530973299643845,499.5,376.17211631721005
c33a5c3c983090c8b78a28e65052a20d,0.9345644179388661,559.1999999999999,522.6084225114139
2e0dba2da448400b1c11d7b4b22f32a4,0.8294967170048865,235.87,195.6533906399426
0ffa40d54288e4f3499b8780dd0f144f,0.759548273548289,2162.8,1642.7510060302395
2d2322d842118867781fc737e96d59a1,0.6593408517430894,176.39999999999998,116.30772624748096
5011f0d93373a4c5753adf58ca77af8d,0.8766627265866117,859.5200000000001,753.5091467557246
59cd88080b93f3c18508673122d26169,0.773904770752058,392.33000000000004,303.62605870915496
1fe61aa5494bd3ae92a2c13e067c810f,0.8813091923457574,537.76,473.93283127585454
5659d77e8d90378e39b960ad5956f64e,0.7439624864639953,182.48000000000002,135.7582745299499
ec2e006556300a79a5a91e4876ab3a56,0.9863791227996414,77.4,76.34574410469224
96f7c797de9ca20efbe14545bed63eec,0.8442921553650429,138.60000000000002,117.01889273359497
c04d70d515d15a7e3db3a73320598566,0.8744892383429738,158.2,138.34419750585843
c5f7feb04a6a1fb3596322bfc3cf1917,0.8331059324603736,1720.6000000000001,1433.442067391319
2f9b7ce230a057a98a9f5df5893ee36c,0.8162778012718425,141.82,115.7645177763727
53b0300ca793f9834cd69c0678d35ee8,0.729027986950042,1662.1500000000003,1211.7538685090126
a44fb5a447105f8469bdf16bf9159f25,0.8874593548535334,3706.1000000000004,3289.0131150226807
3d68c634a99a1ba46dbca3967a69c623,0.9175775899943833,594.0,545.0410884566637
93bef6edaa84956e8e575016449b6351,0.8589571424877258,115.0,98.78007138608847
a0a14e50070f3225b3eabba5b85da517,0.8890679046060966,176.2,156.65376479159423
dd4d95ba2d15c071e6c695e2ef6ce169,0.9330769380701465,1748.0,1631.018487746616
d7f1cfc638473be93baedbfd02208016,0.8773266207065831,30.0,26.319798621197492
889009a0ed0bb52c87819941192931b8,0.8112278067969578,89.9,72.92937983104652
3a4127e1ba7208ea37044c5092aae170,0.957831356492386,1842.6999999999998,1764.9958406085195
79b93a308a97792cf53ac75f46da00b5,0.931462928485951,99.9,93.05314655574651
0936e1837d0c79253456bbb2ffaaef10,0.9290428608229003,38.9,36.13976728601082
562f8cfc51f265411f487d07e9c40e7f,0.8988397916505232,766.92,689.3382130126192
700f03c207639c22d933381ff60b35c2,0.7910309571169827,1189.8600000000001,941.2160946352132
5abb8ea023c77787f2c15da891c8d384,0.7836597725535883,2241.0,1756.1815502925915
24a6daf925d9d591870a66660416de31,0.8742518435234665,60.0,52.45511061140799
7c4402417d51474d4d0cda9557340e40,0.8183457623332506,119.9,98.11965690375675
340636a908b13bbe0f4fb63fbe1d0c03,0.9731037450568036,490.50000000000006,477.30738695036223
b6e1504972665f739dec4facb9943775,0.9077286432034202,1484.4800000000002,1347.5050162626135
ab9db4cf53b08b828b64dccaafc2d9f0,0.9859977070172645,177.78,175.2906723535293
8e34331b7eedd03be4e5d965c1956225,0.8696537924250957,145.0,126.09979990163887
a254c682cc01e119f83530446f1df9a9,0.7842988102967862,569.4,446.57974258299004
039e6ad9dae79614493083e241147386,0.9403952914652548,12925.0,12154.609142188418
d26aa40b90272d4843d63be7c1462c8d,0.8802110341600822,152.9,134.58426712307656
a5dd1946fb63ada8bcaa0c9cd8f11e22,0.8263632735163127,219.62,181.4859021296526
d3e7d37c0df9aef383f3f2a15b0dddfb,0.8931912378991367,161.0,143.80378930176101
3986c0b54f6b748b75e7bd4e092aa3e5,0.8959128405076552,24.99,22.388861884286303
6235903333ba7de1928c869e268e5964,0.9629619707877964,94.06,90.57620297230014
6b2612338467c08c9b25f0cc55b1578d,0.8930683882970726,92.9,82.96605327279805
9c54608f0996c32ae4743089d915f845,0.8746058748780379,194.8,170.3732244262418
4a23adac87cf538689fa600d976f78b2,0.7527870480011826,405.0,304.87875444047893
a69aa24cec11168e7e39a3fbc727e925,0.5818387896931777,105.97,61.65745654378604
e09887ca8c7bf8a4621ce481820414ef,0.9637042171631376,79.97,77.06742624653612
bff9deb0ec77d437f3305a79cf25529e,0.8805795049839836,161.95000000000002,142.60985083215616
cbbd5ae8f53de5f5097cd8217b529e24,0.9875067549213717,175.9,173.70243819066928
6624bc09786f0e41ae48dfc5eeb1a9e2,0.9536513895506219,89.54,85.3899454203627
4b39558c138930b9e5489c93b6df5fe3,0.8699103011258702,1096.7,954.0306272447419
e8a85b5f3df47be0984c55fd4064dbb4,0.8676811475167613,743.0,644.6870926049536
6d04126aba80df143fd038e711b8fd96,0.8924962162545,89.99,80.31573450074245
d101c6da914ae3d53f7bee42283f2fe2,0.7319009004843247,1297.4,949.5682282883629
05aebce0b5c8f0d41b29b686f2d05fd3,0.8739022551389503,74.99000000000001,65.53393011286988
eec3469d83e142f9a104886655338c37,0.6427469005209951,185.7,119.3580994267488
880ce4951cf857ab1d9e0b75c1d856f4,0.7346193599571859,178.9,131.42340349634054
6a8b085f816a1f75f92dbac6eb545f8f,0.5199882739195737,5884.169999999996,3059.699401749336
b83cedfb587e7911540e3f576d6917ce,0.7621116546066844,2224.9500000000003,1695.6603259171427
f67efa3f0b6761102a7f8c6b7b571f5d,0.7876702187036042,5188.679999999997,4086.9687103830142
8d899e15a5925f097cca50faa49b15e3,0.8149530084672907,645.0,525.6446904614025
f4c4daa86e30c7e5a553a8d518ac03a5,0.8990765775247461,5984.3099999999995,5380.352953647113
acce39e832338debb07b02385cde5967,0.7693930005679038,4748.100000000001,3653.154905996465
eed78ac17f7f795a19a709745f00cd4e,0.8176610501155849,4349.500000000004,3556.4167374777394
bba3293d6f5d5af2f415e004e8b93ae3,0.7950864229964937,11702.1,9304.18083054727
05ff92fedb5be47920fea08e501238b9,0.8166245018433813,21235.980000000003,17341.82158865601
ea00f977a203ff88adf7057cb7806998,0.8424308410585581,381.7300000000001,321.58112495728346
2a6fbeaa7ab9e5d59a35841a8da71ce4,0.7832289929863646,1632.7900000000002,1278.8484674582064
725c32fa80c2faacc4fc88450d27314e,0.6271582513805207,7838.879999999988,4916.218273581729
218d46b86c1881d022bce9c68a7d4b15,0.07155232415859175,53710.3,3843.096796255211
8b28d096634035667e8263d57ba3368c,0.26724141970382786,9025.299999999985,2411.9339852529533
dc4a0fc896dc34b0d5bfec8438291c80,0.17000132922900998,23655.98000000005,4021.548044214884
9d7a1d34a5052409006425275ba1c2b4,0.7569368133335329,1054.8200000000002,798.4320894404773
6edacfd9f9074789dad6d62ba7950b9c,0.20713671155946226,12966.39999999995,2685.817456764601
92eb0f42c21942b6552362b9b114707d,0.07252885578074411,6416.409999999984,465.37487552012317
70849ca4f400aaabb62cb7462a6f1428,0.8197983667619064,909.58,745.6721984392949
8daab2245ebdc277c51098d01c5ad8ef,0.7289134736070996,1604.59,1169.6072706152158
5bc55dbe2f12b6af6d83ed46023e0dc8,0.8654020471380923,2992.100000000001,2589.3694652418867
e49c26c3edfa46d227d5121a6b6e4d37,0.8127145021121752,3624.3500000000004,2945.5618057302627
9646c3513289980f17226a2fc4720dbd,0.7009622468703103,2964.400000000002,2077.932484622349
6a0cbc8af2e8abd1bdfb777943d174c6,0.8043415673348102,3788.15,3046.9665082993615
01fdefa7697d26ad920e9e0346d4bd1b,0.6047659991515849,14802.52999999997,8952.066845421292
bf3c6d2a28b2b5501e6c15448982dcc9,0.8288484151581523,3956.500000000002,3279.338754573231
0873d9f8f36123f8d910f4760e788cfb,0.656089382331781,7265.59,4766.876455375965
835f0f7810c76831d6c7d24c7a646d4d,0.7324366559038311,4990.199999999999,3655.005400291297
70c27847eca8195c983ed7e798c56743,0.5620514379884592,12077.519999999988,6788.187483334369
e9779976487b77c6d4ac45f75ec7afe9,0.0007770047670222122,42229.690000000024,32.81267043987027
373ee4a3a775a733770ca3f790b8b9ac,0.8346149764633212,2141.49,1787.3196259464376
6cf476a4ca74498db55cbccdaa9dcfb6,0.9201556828723051,624.94,575.0420924542184
198c7ea11960a9844b544d9bcdca860c,0.8370232141207223,1733.7500000000002,1451.1889974818025
d1ef48b38baca7e831711c4a0aeb398f,0.6918702199059434,1439.13,995.6911895732404
0747d5bb69f0586cc869d8af4c50f93e,0.9256655784359252,322.79999999999995,298.80484871911665
05feb94f19d094d4b0f9281f0b1d4c99,0.9090559337498676,9353.0,8502.400148362512
aaed1309374718fdd995ee4c58c9dfcd,0.5545475199534164,9345.44999999999,5182.49612034865
9e6967d3cf386d284251784b18ccb485,0.48234869776234035,517.6700000000001,249.69745037063078
07de60b03d150fb3ea09eab5da5e4c8b,0.44574589692381383,719.0999999999999,320.5358744779145
a2deecd5398f5df4987110c80a1972a3,0.9316410787571279,623.8100000000001,581.167021339484
638cba8be1fb599bbb76fd6948351eb3,0.8396109031366253,535.4,449.5276775393492
76d5af76d0271110f9af36c92573f765,0.6031038818995982,31944.600000000035,19265.912265729927
f5a590cf36251cf1162ea35bef76fe84,0.7721105102161563,51232.78,39557.36790559209
cee48807215b30a12ca2ca10ffb5f250,0.7713687625570375,7212.229999999998,5563.288930376741
c679fb69a36e1d8349e8c50a217b4d58,0.8560012020053791,1825.6800000000003,1562.7842744771808
5b07547f10dd980738a1a27f685af669,0.7630044305844663,1134.6,865.7048269411354
be9a160a9011f627c3e121d076c1ec7b,0.9857088871530177,2055.0,2025.6317630994515
525e75a6fb1454a2325ab1734bcec221,0.8841905950415183,607.17,536.8540035913586
5e49e3a44bdeb5aab2684258bbd4f525,0.8925509265426136,507.0,452.52331975710507
52b53f7061969fe471d119b6195da864,0.8441713649762868,90.0,75.97542284786581
240b9776d844d37535668549a396af32,0.8908379596351818,13332.089999999995,11876.731853272606
a8739afb32aaa45e01815ca76f76f54b,0.7498731510227277,298.83000000000004,224.08459372012175
821fb029fc6e495ca4f08a35d51e53a5,0.917048492929067,17851.620000000003,16370.801217342394
7008613ea464bad5cb9b83456e1e6a8f,0.6652932464389145,7538.699999999997,5015.446196929043
f3c38ab652836d21de61fb8314b69182,0.6008137369593733,1581.0,949.8865181327693
e4ebd3f87bf70440014f07ddda7fbe03,0.7000590388971717,671.5,470.0896446194508
98dddbc4601dd4443ca174359b237166,0.8760864133007561,158.0,138.42165330151946
31344c16881c08a8a72c6d2eb29918c1,0.8665718042044711,9365.799999999994,8116.13820381823
4be9ae93c4fc0f41713d71a4194ee1b3,0.9053066353517895,109.9,99.49319922516166
e81e1f9c3e762e620f3fb60a51499e16,0.7948336756850627,4465.99,3549.719247272733
8f119a0aee85c0c8fc534629734e94fd,0.6021250032966022,3578.88,2154.9331317981437
f92d8c817434bd2d84d4e9c61322b7fa,0.8520447646658164,174.84,148.97150665417132
784ba75dd9d20200c4caed3d7a77141a,0.8938787735057233,8142.329999999995,7278.255953878852
324583d68897f5ddbaf38f6248322176,0.8462189407054483,84.0,71.08239101925766
c32fc744b9160ac853450488e3cfea93,0.906014526493101,65.8,59.61575584324604
ec80e49e69745ab6c14f984bf2149423,0.8047273002929884,3709.0,2984.733556786694
f84fa566034f5e8e880a07ec624c56af,0.5600975506583713,4993.909999999998,2797.0767592083457
fcdd820084f17e9982427971e4e9d47f,0.5685727062351048,4783.99,2720.046140901679
0f0c984a4a955310903b6b6008660bad,0.8252821010987241,369.81000000000006,305.1975738073192
99a54764c341d5dc80b4a8fac4eba3fb,0.7154652038365074,3578.7600000000016,2560.47825288194
a45314082d50d578a4721c9787ce09ab,0.7955840289106858,424.9,338.0436538841504
7957cac1a02f45d0a4a7e45626382ec2,0.8729209924340504,343.0,299.4119004048793
c3f5668699a1b04c0fa61ecea1e2bff6,0.8538182943778759,407.81,348.1956386302416
c878515173c84a492ebe50d6b493230b,0.8708705818815541,1118.8400000000001,974.3648418323581
5eeb9c756d9780b96283e5a2ac6da334,0.8503144181039747,2471.0,2101.1269271349215
07017df32dc5f2f1d2801e579548d620,0.9287779877003365,946.49,879.0790775784915
aafe36600ce604f205b86b5084d3d767,0.5847578587999284,9251.39999999998,5409.828854901645
94ca168e8bcb407ab85c5da308863027,0.7541599412236109,224.3,169.15807481645592
a3dd39f583bc80bd8c5901c95878921e,0.8665674480671671,4607.8099999999995,3992.978152878373
4978a02ea9c8be7a9b5480680f40334e,0.8457900136144733,2356.6099999999997,1993.1972039840036
d2f3e277560ed4c6361284429b00f037,0.7810727128820549,320.55,250.3728581143427
3d8fa2f5b647373c8620330c4e077a9f,0.5538225521963608,3501.739999999997,1939.3425839280828
ebd2d60905fb58271facef5596b620d3,0.636244979873722,7713.019999999993,4907.37025466561
b2a6d334e2833acea353624840e25a0e,0.8457652159809074,1650.9800000000007,1396.341456280159
714b9a1332840f257b49f476bea4e341,0.8481452466460252,1499.94,1272.166981254239
1771297ac436903d1dd6b0e9279aa505,0.8482131682093857,2881.269999999999,2443.931155166656
709e16e2b25c7474d980076c6bfc4806,0.6044732193943192,5151.899999999997,3114.185578997591
02f623a8eb246f3c5f7c2f96462654e6,0.5310448534507277,6378.0,3387.0040753087414
72c73be2b085b9d57650dd53eb2004c9,0.8407404466359294,29.4,24.717769131096322
dbbcfe2c8d026742134ac3e28ccde274,0.9030660557312269,308.59000000000003,278.67715413809935
da6a60cc8cc724fe51be021ff8be779c,0.6842396221099537,728.7899999999998,498.6669941975131
89bc797e2e29667aa035d4368f9b7f92,0.8931307964318104,392.3999999999999,350.4645245198423
0692610d8abe24f287e9fae90ea0bbee,0.8012033332331143,173.99,139.40136794922958
3586b8580d9c917874e053a1bb37b5ff,0.7727426678342489,1524.700000000001,1178.20074564688
3361277dc30b7cccdb0c286b24219756,0.8024385054479533,3905.0499999999975,3133.5624856995278
c35672b10ad50968f567ea3f4b91e877,0.8175050601649354,1150.5700000000004,940.59679707397
ff4e2d38692ce827b1a4f4b8196e680d,0.7666305122664763,518.9,397.8045728150745
134285d1f41da5c13a756ee8142c8a4e,0.7466583340178522,1572.6999999999998,1174.269561909876
960945e1a9535cbc0cd6ddd35fbe7ae8,0.6442231605058755,3381.73,2178.588788577534
8eb88b0acb3f90a717ad659221471fa7,0.867637891926847,119.8,103.94301945283627
33d677f27a69b84051204ee4ae76eaca,0.6172918921831548,165.00000000000003,101.85316221022056
5275ca25d0358ca73864e0ae41be1320,0.8566358622920103,409.6,350.87804919480743
9261d76c62caaf0b24677c2ceb7f8f20,0.6375385602717397,968.6999999999999,617.5836033352342
edf96ef93ed595084bbcbd9224bd2894,0.8203642883067498,3757.0,3082.108631168459
6061155addc1e54b4cfb51c1c2a32ad8,0.43511650999946333,15633.399999999998,6802.350447425609
b5f49fe968dff6b112861e6cd8e192ef,0.8989715497947977,194.70000000000002,175.02976074504713
98e164d549402270247f3c96a1a158ef,0.8879725830060639,162.7,144.47313925508658
2c538755f1ca9540af144f266e70df6c,0.8928887721257729,334.99,299.1088097744127
ce4755084bc097113867e6454f8f5e52,0.7054002089812791,18.9,13.332063949746173
b127efdabeffb5d559349c7b172eb75d,0.8081687106022035,308.5,249.3200472207798
8a87611c08849ffeeccab52aa798b6c7,0.9954209392132041,587.9000000000001,585.2079701634427
ed8cb7b190ceb6067227478e48cf8dde,0.3269885583965128,573.5,187.5279382404001
bc503e244f187939d10c92a5c8e378ce,0.9148577260881565,430.31000000000006,393.6724281129947
968268a686aa05d1f529fb07dff08130,0.763607118305786,4677.29,3571.61193838047
8a9260f2b0340411d6d2a56bcf4f7378,0.9268596487090268,1256.0,1164.1357187785377
b67d6c666e8dce1d078c882825e12704,0.4371001184731059,352.84000000000003,154.22640580205072
024b564ae893ce8e9bfa02c10a401ece,0.769255834803503,706.4,543.4023217051945
4b90495391ac0bd181a80a459df1e718,0.8975128701835983,248.0,222.58319180553238
23ca5f678e0b3ea6c630b30fa8bf51ea,0.8304205694855604,183.0,151.96696421585756
70f84699be677ec988d1fa824aef7d90,0.9144763210552069,1588.3000000000002,1452.4627407319854
9140ef75cc8211c4035935e80e567204,0.7743650099766518,49.9,38.640813997834925
082e0bf4cb865a6533b1e8e498cc0255,0.9180742510901997,2073.2999999999997,1903.4433447853107
f5fea3ffed6c2e889bab72705557c63a,0.9944178337700728,345.0,343.0741526506751
5721089ba9214e80074f27d5a03fc0eb,0.6945350926629039,245.93000000000004,170.80701533858797
8fff28c4263ddec387f28d237fb42773,0.9802878302418874,58.6,57.4448668521746
aa2640d851ec322526f1295bbeb20092,0.6505577156990499,159.98,104.07622335753399
e595809a6c31ec4314fd06ef198c244d,0.9156140212531311,39.0,35.708946828872115
dbec9a0a7efeff029d4d9dce7dc4cc95,0.8968384965414065,1170.0,1049.3010409534456
eb4a59a06b3948e851a7d7a830bcbc42,0.9880604014794961,32.0,31.617932847343877
bbe87dce25ba8b38bb61cc7210a3f10b,0.4767773321375309,287.0,136.83509432347137
ee27a8f15b1dded4d213a468ba4eb391,0.9090906617450996,6499.0,5908.180210681402
7b7ed56ae755e2880f2b69632e839c1e,0.8781698982838285,321.5,282.33162229825086
aa1eb17b9fdf6dfd546e25c45c7b9235,0.8069029360729926,117.99,95.2064774272524
ed46f1eb4a638113deb2a1137b5f22e9,0.8594379189970112,3470.0,2982.2495789196287
dace965ca58120f92f8d742a9fa1864b,0.5705892991605648,1442.0,822.7897693895344
f18112da765e0971ca5d510dec322bdd,0.998311129075695,327.8,327.24638811101283
0336182e1b3e92f029d5354832045fdf,0.8479339889929194,29.8,25.268432871989
cb41bfbcbda0aea354a834ab222f9a59,0.9243254268447663,3792.0,3505.0420185953535
d5c530f4884a75ae0dba9c148718d278,0.9363543816066126,252.93,236.83211373976053
cd233f8bfa30ebfd651f47ee7d054951,0.8588767549637376,79.9,68.62425272160264
1927cdb9fa74f5270097f6250e8e8f34,0.9491664633293114,120.0,113.89997559951738
c70a353f02429c00775a46a75fb787da,0.6970106708565379,242.0,168.67658234728216
8ca5b19e0263150d2c57afdde2b3d011,0.8142398452864482,180.60000000000002,147.05171605873258
9fc70243fb26800cba56e8f014797004,0.9391668891941034,466.6,438.2152704979687
782f78b632a43875dd5b53e3e49c9564,0.9933049132770606,97.34,96.68830025838908
270572bb714b00531be85e16e1550f26,0.7504880886292352,96.99,72.78983971614952
77714512e8d4dda9c234da8e3faf16e4,0.6317389936413333,243.4,153.76527105230053
54065e9aef7e9e9c2dc23b7594db021a,0.9295146461037915,7079.0,6580.034179768741
fcf16b7a8697e559f0123190bb30177d,0.8740106292473566,1052.8,920.158390471617
92c8bc6e8f925792247656fed09aad65,0.9753446430085122,134.8,131.47645787754746
fe701d88b67eaca109dffd464d1be9f9,0.9000311555038198,1359.0000000000002,1223.1423403296915
c0f3eea2e14555b6faeea3dd58c1b1c3,0.8588769611345476,79.99,68.70156812115246
15ead3a5037a918ddb520dfe39a3d2b9,0.95308249352423,254.5,242.55949460191655
751e274377499a8503fd6243ad9c56f6,0.7459400362111764,218.0,162.61492789403647
6187a137b2af59dfdbad8d9f8c373c14,0.7477283985405153,74.8,55.93008421083054
a89e143d5211473ae18db9577ee34b64,0.9833755085370827,70.0,68.83628559759579
d4828feed4cda2cd9d6b37899a95a71e,0.8965587099197854,39.9,35.772692525799435
74bafed391319577bce6f4d2acc0589a,0.7703984789182609,1847.0,1422.925990562028
cd2169d9f31ff6fbb9ca3373b0c9e354,0.8511125397576835,569.0,484.28303512212193
3ea08c48e851106d2f584349daba335f,0.8703018302412233,170.0,147.95131114100798
044668ccd5316b12a7cf0d54a156e3e9,0.6020020484033556,137.79999999999998,82.95588226998238
5dceca129747e92ff8ef7a997dc4f8ca,0.29667777587410427,111126.7299999996,32968.83109656198
b839e41795b7f3ad94cc2014a52f6796,0.6986668476352189,42829.0,29923.20241736879
d624126b9206f595fb3fbb6ba03b28a8,0.8585441761048563,7198.7999999999965,6180.487814943637
cfe94489ddd337d1e29e12f2a7205d10,0.5532037205178938,2376.0,1314.4120399505157
985c92cc412091f8529c12d7f23d3fef,0.775131132637536,1368.5,1060.766955014468
6426d21aca402a131fc0a5d0960a3c90,0.5814854239265311,1209.64,703.3880281984892
7c67e1448b00f6e969d365cea6b010ab,0.0001590752099569442,186570.04999999952,29.678669875427502
da7039f29f90ce5b4846ffc0fcc93beb,0.5872444312493971,1259.1,739.3994633861158
77a515caa36327151d1cc6c32a9f00e1,0.7159500753616199,2217.39,1587.5405376061024
bd23da7354813347129d751591d1a6e2,0.704473507109087,9704.599999999984,6836.633597090834
b33e7c55446eabf8fe1a42d037ac7d6d,0.554294218685432,44215.17000000004,24508.213109193577
8e6d7754bc7e0f22c96d255ebda59eba,0.7112258349820381,14107.379999999983,10033.533119908892
cbd996ad3c1b7dc71fd0e5f5df9087e2,0.29958511282430844,8217.499999999993,2461.8406646337526
e63e8bfa530fb16910dd6956e592bb81,0.7262560494583548,1282.8000000000002,931.6412602451776
d93919c944be9cff128f6c9cb899eacb,0.7623137357473557,2666.7000000000016,2032.8620391174748
e3b4998c7a498169dc7bce44e6bb6277,0.9916575842723423,6735.0,6678.813830074226
6c177e38df6d3f34182b1f1d427231bf,0.8655664431874155,8112.889999999999,7022.245341270751
8ab42aa58097fd4668d60cc648225d5f,0.7977990920359302,2616.75,2087.6407740850204
8a32e327fe2c1b3511609d81aaf9f042,0.45809623341996014,6101.119999999975,2794.900091643176
8931a84a914b3fe9b1ddaa4d704947ca,0.7984651508256277,4668.299999999999,3727.4748635992773
f262cbc1c910c83959f849465454ddd3,0.22988702452755644,10199.859999999968,2344.8154659976344
06579cb253ecd5a3a12a9e6eb6bf8f47,0.6756382960060937,4587.400000000001,3099.4231190983546
1835b56ce799e6a4dc4eddc053f04066,0.015439205204294397,33005.32000000029,509.57590831340644
3cfa1358a6caa965278721344c8d76f2,0.8940686946518166,3140.2799999999997,2807.6260404412064
6481e96574816ead57975da2c0f6d80d,0.6775328939194062,3324.9,2252.7291189926336
0509040ea3fe50071181bbc359eb7738,0.7451049868612805,3689.3500000000054,2748.953083276669
ceaec5548eefc6e23e6607c5435102e7,0.537539648999631,51478.17999999999,27671.562808339822
2009a095de2a2a41626f6c6d7722678d,0.8139296363544599,388.88999999999993,316.52909628188587
c3aad7dc65449ae90a5e9c3c6c1e78e0,0.8312891042736514,510.0,423.95744317956223
5a93f3ab0ef4c84ed5e1b5dbf23978bc,0.8173786198243453,2299.28,1879.382312989721
6eeed17989b0ae47c9f11ece6f38ea90,0.6055047957319926,557.0,337.26617122271983
762ed976527cddf02787edba70fffa2a,0.8270460134650144,179.8,148.70287322100958
633ecdf879b94b5337cca303328e4a25,0.8029125256565401,1037.6,833.102036621226
138dbe45fc62f1e244378131a6801526,0.3499368678137928,1125.5599999999997,393.8749409364925
5debea795b07621e1f90532e18f96145,0.7945407476728835,1883.7800000000009,1496.7399696512252
ea6b12bf9ffe2bac34602ec631d97a47,0.8897700572655862,1047.3,931.8561809742484
2138ccb85b11a4ec1e37afbd1c8eda1f,0.03237497993933956,12089.219999999923,391.38825498226015
0e982cff76cc0579f632cea8a0e38c9d,0.9477790491705465,971.9,921.1464578888541
520b493b57809f446cb0a233bb3e25c7,0.5610075274060967,3698.9000000000005,2075.1107431224113
974cf2cb8f4b7add98709c30df02fe10,0.857231412788181,2694.699999999999,2309.9814880403105
48162d548f5b1b11b9d29d1e01f75a61,0.821481306381638,20109.389999999996,16519.487967737845
55a5b51f93f2b70ea513f5a047b0262a,0.856823601911106,4002.299999999997,3429.265101928817
b12cfd255810394b60caef18ae163547,0.8925481396800757,560.0,499.8269582208424
98dac6635aee4995d501a3972e047414,0.6056881445767486,4115.750000000005,2492.8609810417556
3c487ae8f8d7542beff5788e2e0aea83,0.9011320722919399,9385.699999999995,8457.755290910456
fd312b6bf05efac6c3772d5b52205d8a,0.8091178008422386,118.69999999999999,96.04228295997372
ff063b022a9a0aab91bad2c9088760b7,0.67889661895704,12076.5,8198.695018834695
3f8034bfc6b8b4135534975d49f04c63,0.9396281338554817,1273.9,1196.9922797184981
d8c7ba53e7e38711eaef8c2849d6d2e1,0.6883871926051492,1190.87,819.779656057694
83a75eea11694e36e56dd0cb2240229a,0.9976222458555369,487.0,485.8420337316465
0743a0239d764b9a0f959a57d07e36ab,0.8062859627148657,336.96,271.68611799640115
8759e7aedd644f487315e5860962f162,0.8375070402386486,627.0,525.1169142296327
6860153b69cc696d5dcfe1cdaaafcf62,0.4959485844134616,3827.6299999999933,1898.3076801584948
f3da5b2ff499efb8d4a6d371d175d7dd,0.40631818851508783,3540.8900000000012,1438.7280105311897
50770d25768b0486d89be26afca3108f,0.8680862608224109,171.77,149.11117702146552
cfd7ddab722b902f7ac5b5f3ba6d723d,0.8008375484640291,3385.03,2710.8591266771928
a7f13822ceb966b076af67121f87b063,0.7118200088317033,12017.68999999998,8554.432201936657
cfa5ab0e4d3fc212fd0b3410e7081c62,0.8474040480284488,4780.809999999998,4051.2777468548866
ea3ebea5317b0efbc663ecc8ce5e9bc2,0.8778106426803152,299.70000000000005,263.0798496112905
8e6cc767478edae941d9bd9eb778d77a,0.7219662620251543,5929.349999999998,4280.790655738847
20d83f3ef0e6925fd74bfd59170babf7,0.742551891259638,2903.6000000000026,2156.073671461487
062ce95fa2ad4dfaedfc79260130565f,0.6973044790742836,7479.099999999995,5215.209929444471
52f9db5cfb423382a2fa5c9e39303202,0.6929946904100023,1218.7800000000002,844.6080687779028
febab0275244b9a49a623f0bd613ca2f,0.5605134511381914,7094.819999999999,3976.7420434042624
a888faf2d1baececa6baf9c3d603ee1f,0.8617393385470323,17564.799999999992,15136.279133710907
b29d3380981c51df13fc6fbe87e1763d,0.738133521438457,435.2999999999999,321.30952188216025
40db9e9aa57f7bb151bcda6b0f9bdbb7,0.9270516736680665,23168.0,21477.933175541766
b5e3e38609125694d2ea2417522a60b7,0.874446100110715,995.0400000000001,870.1088474541659
081acf3de680d554796c9cf041be7bc2,0.860885799486881,1597.3000000000002,1375.0928875203952
4ebdc7e6cd6102a022dadc49156d4ea8,0.7277356816677697,928.6999999999997,675.8481275648575
8bd0e3abda539b9479c4b44a691be1ec,0.9251760308429928,425.7500000000001,393.8936951314043
23c38debaffe4a25a30fdbd9b586a13f,0.832483983069339,5382.180000000003,4480.5786439961375
5d378b73ab7dd6f0418d743e5dcb0bd1,0.9989672039188688,11254.0,11242.37691290295
8378eb36b6b70c5734e83ad7b8cdc3b7,0.9124011932951079,1714.8,1564.585566262451
1bb2bdb95f4841f1bba2c0d2cd83d3c9,0.5302595483769131,4905.759999999993,2601.3260820455216
a0415d9b25ede3c4b1e477e9916ffc03,0.8882322471479982,3544.2000000000003,3148.0727303419353
e504a4e2efaa45cbff7e268a2c58c956,0.673686711030633,1088.8999999999999,733.5774596412563
b88e7c57cb2d8b973b7dd4a2bfa14b36,0.8681213573707093,353.9,307.228148373494
f80edd2c5aaa505cc4b0a3b219abf4b8,0.3991765079678566,8855.49999999998,3534.907566309346
c13fb473e7cb8b83ccd543c094df0608,0.8255130992099149,54.8,45.23811783670333
3a3e46d10f74d8a6ca76e2b538f106a0,0.9788445764646154,299.9,293.55548848173817
bc39d8938f90a3a2b98193723ed59774,0.8951459864394834,306.8,274.6307886396335
e067ad2c1c0b48758eb1b5228bcf7a68,0.6661347867671973,5042.549999999999,3359.0179690129303
c522be04e020c1e7b79f3acff36513d5,0.858946031484935,649.94,558.2633837033187
d5b9a084373da994a6e37f732169a853,0.8758444022492556,1769.0,1549.3687475789332
52a52b9f656520e99716f5bc40f661c8,0.8385041266874025,783.1,656.632581608905
89dda63a3c907c468ec88c310ed91213,0.984090736639258,44.99,44.274242241400216
0e72c1a751b496722a6cb1f10653b62a,0.6255819531301454,140.8,88.08193900072449
643214e62b870443ccbe55ab29a4dccf,0.6839930177277602,3229.2300000000014,2208.7707726370163
f524ad65d7e0f1daab730ef2d2e86196,0.9538912057206689,578.0,551.3491169065466
75745ef7bc7d4f3ea3380f6f5303f514,0.969058623242017,228.4,221.3329895484767
4d600e08ecbe08258c79e536c5a42fee,0.9323735612199395,3816.17,3558.0960131206966
dd55f1bb788714a40e7954c3be6df745,0.808286624811654,7041.759999999997,5691.76042313371
d63f306de130e0391d38a792541723b8,0.6375303882020311,49.0,31.238989021899524
56db5c0782e8f7ddc9343f9576ff6d16,0.8794919334528678,734.8,646.2506727011672
343e716476e3748b069f980efbaa294e,0.8508682190230267,922.5999999999997,785.0110188706442
1710c3aaa9c6b44ec3883ee0fe300e21,0.7931402414630021,1188.9,942.9644330753633
c7a0a13cbcf29d5ce51c8f80afdc0b89,0.8104590913295143,483.0800000000001,391.51657783946183
0ed6ce5d87fd9c69eaacaeb778d67235,0.5955147911166337,2026.5200000000011,1206.8226344936813
b1ac6ea7895bc3dd6f0f6f4abbdd2821,0.8824720970382991,2962.0,2613.882351427442
bd4431c1a8dfa744b59e1e2a8bc99b9e,0.752654099153162,809.5,609.2734932644846
f08a5b9dd6767129688d001acafc21e5,0.8330432688192412,14069.630000000001,11720.61056627726
57d2ba47f7a3209aa347532ae75c1165,0.8935720506838821,318.0,284.15591211747454
fc5a0d7a310a7a41abf86a458585ff2b,0.9946979470817319,117.9,117.2748879609362
b248792ac0b60ec3f93d80af1b4fae47,0.8259949420062822,454.49999999999994,375.41470114185523
c3e1abd72a42fe690fcd89cf5720fe29,0.5286738432003462,1798.6100000000001,950.8780611185747
4342d4b2ba6b161468c63a7e7cfce593,0.9980081863991366,528.9,527.8465297865033
f307937c1bb287c3efc2a514b94b0d1d,0.8926263965078406,189.99,169.59008907252465
afa6714acee029b2dfdf357e5579cc03,0.705114502016015,3220.76,2271.0045835131004
a938325a4b357fd23a6a4d5bb126408e,0.8463809409446142,3231.0,2734.6568201920486
ad8b531ae67582f096925cff5630d0d1,0.9857071675233852,198.45000000000002,195.6135873950158
a5ff20ff766e7f50bd5066f33da14413,0.7086372953778043,66.59,47.18815749920799
5ab05b6d86d417796c69ffd6774ec832,0.796340543005862,1886.1000000000004,1501.9778981633565
dda37071807e404c5bb2a1590c66326f,0.8477989330913331,199.99,169.55130862893571
c9a06ece156bb057372c68718ec8909b,0.98915332023222,3849.0,3807.251129573815
5962468f885ea01a1b6a97a218797b0a,0.9679775428410837,674.0,652.4168638748904
20d53aad4fe5ee93a64f8839609d3586,0.9954295143151336,14.5,14.433727957569436
9523fb39dd240aa958e040f8183d64f3,0.8401374840782894,146.99,123.49180878466777
077c5fae4bea9500e3737b16f71b9d3a,0.8118597029529584,106.8,86.70661627537595
9803a40e82e45418ab7fb84091af5231,0.7001133658065555,4278.75,2995.610063944799
651530bf5c607240ccdd89a30c9c9712,0.829072055473777,199.9,165.73150388920803
41da412d33e8da4f22baf55cb1bde82c,0.8652498744425721,862.9,746.6241166564954
ad14615bdd492b01b0d97922e87cb87f,0.8802583637685065,8.25,7.262131501090179
d6b664fa0667064c6d76394e7848d790,0.9318164731181086,6080.0,5665.4441565581
48efc9d94a9834137efd9ea76b065a38,0.6849460426644945,345.5999999999999,236.71735234484925
39f776d2974049026ff531fc42ef2a3e,0.8976803573693877,1084.04,973.121414602711
fec8cd45395b3cb0c2b173d7739706a1,0.8395643148840157,1280.0,1074.6423230515402
f5b44895715ddfe3087dc414f30268f3,0.8043323935989523,378.79999999999995,304.68111069528305
dd9661d3cda1e6feb237f0c4d8b26f2e,0.8626804225316372,174.0,150.10639352050487
173d56ffbd4c56cb80fc3615487d712b,0.9080188704826122,358.0,325.07075563277516
c510bc1718f0f2961eaa42a23330681a,0.7662103899702593,10141.0,7770.139564688399
5415337f1863452476d42d9f14a16a61,0.8975086546132512,44.9,40.29813859213498
bf961104a38e01b9062ee026bb657dee,0.8859133325038465,585.56,518.7554109809523
9dda5bbacd45e18d6485fee649205d09,0.8698487448067268,1912.6000000000006,1663.6727093173463
55c26bcb609f480eb7868594245febb5,0.5055499723757848,664.4,335.8874016464714
6bd69102ab48df500790a8cecfc285c2,0.852196975128419,8070.0,6877.229589286341
436bf27f2f18474fc6047702e9f8a866,0.8814642319140789,29.9,26.355780534230956
ca4b77513ac2040591b0d8fae6958380,0.6787240973086677,1772.45,1203.004526274748
cc1f04647be106ba74e62b21f358af25,0.8110019515386498,11.9,9.650923223309933
6b803197e03abd5056b4313306b4f29d,0.7664634975936657,407.0,311.95064352062195
25e47381a6c510ddeb36084e33b89f0c,0.7129579657460077,1289.6000000000001,919.4305926260516
8fb67a334bacec338885b4e9e1708073,0.8319880531123285,59.9,49.83608438142848
cb0b3bcf14e0a709df412a99424a59d7,0.8399184869524845,460.0,386.36250399814287
28fb0829fd777877cdc350d25cb5bd5b,0.978293521592997,279.8,273.72652734172055
df683dfda87bf71ac3fc63063fba369d,0.8971505299286088,39.9,35.79630614415149
f235413f677777a0738ff215d0184901,0.979327370104352,1191.98,1167.3386386169855
95b293867b5862941c9cd74f756a3c68,0.726166506790665,648.0999999999999,470.6285130510299
28ea411b354f14b1a494be4e79f0ce02,0.6649815499648363,820.0,545.2848709711658
3903c788ded8dc03b5ebab37a2f3e9a1,0.4190763923501589,119.97999999999999,50.28078555417206
dd58ee93286b0821565574c570e9e1dc,0.8767498423720206,2948.0,2584.6585353127166
acf974e4d5950ad143a247471b831eb9,0.8700210422066533,423.80000000000007,368.71491768717976
ce20a2ec1514c25e16f2b5b39bc818f0,0.553452545621568,287.0,158.84088059339
a9b533a26e898b12e8b8d4c07279bf4d,0.9022077070168409,119.6,107.90404175921417
1acde099eb406aa220b1169b188b42da,0.8333684533201561,311.1,259.26092582790056
8e29d051f810eb22959ede205b462b9f,0.7938887806603153,599.8,476.1744906400571
bf0045791395e66460eb04749c68672a,0.8594436061144645,119.8,102.96134401251284
f8d5c7085db9a4ad2b8c1ffbeb2798c8,0.8167305111578627,263.0,214.80012443451787
249f0e9905a6e06ad6c6bea7547ab9f6,0.6404077417338704,347.95,222.8298737363002
910a922b426b7ff95eaee129ad6c0e1f,0.8572312740548897,119.8,102.69630663177578
804287717b9156fb7a787acd9af4fac1,0.8945600888341534,18.8,16.817729670082084
e64882b4ef12aee8d0faca4db5b681f4,0.8988125450889799,230.0,206.72688537046537
f5f46307a4d15880ca14fab4ad9dfc9b,0.7407017250874917,1422.94,1053.9741126959955
4ea2f12dbe91deeacd2c1e74f069a6e6,0.8387663578643874,210.20000000000002,176.30868842309422
cb4a705d00e100b9732d0ca34817d441,0.8877854947640574,998.0,886.0099237745293
4965a7002cca77301c82d3f91b82e1a9,0.7943937116398553,8.49,6.744402611822371
7f40d06aa0b5f1aa4f41af8c0480e2ef,0.828652487707905,1309.94,1085.4850397480932
382229d1e840115ffe3dbf5ff460e417,0.414388461482032,4037.060000000003,1672.9110823106535
f35becee938e982bd615edf8ef12bcfb,0.7411326266556171,148.59,110.12489699475815
41b39e28db005d9731d9d485a83b4c38,0.21408342084372486,16306.749999999945,3491.004822843399
c03121937e54a93fcc1825c3098bbb6e,0.912981051926375,1043.0,952.2392371592091
e24fc9fcd865784fb25705606fe3dfe7,0.6641995555895177,12768.0,8480.499925766962
eb9267cccc90f1b49c8d2f9887c7dd97,0.7873749763959866,319.9,251.8812549490761
3f0e48d209018b466fcd3bb4ccfeb520,0.8585897587810979,5398.999999999999,4635.526107659147
ea8482cd71df3c1969d7b9473ff13abc,1.5906549836799133e-06,36696.760000000475,0.05837188417890645
7e93a43ef30c4f03f38b393420bc753a,0.6166828671776234,165981.4899999999,102357.94115161398
46dc3b2cc0980fb8ec44634e21d2718e,0.04374776580427061,122811.38000000102,5372.723490339328
4869f7a5dfa277a7dca6462dcf3b52b2,3.723677792760523e-05,226987.9299999981,8.452299141656729
e0eabded302882513ced4ea3eb0c7059,0.7209429092677944,978.4,705.37054242761
3d871de0142ce09b7081e2b9d1733cb1,8.249341736768864e-06,93407.39999999966,0.7705495633430612
213b25e6f54661939f11710a6fddb871,0.5681103304406895,15105.95000000001,8581.846246120538
7aa4334be125fcdd2ba64b3180029f14,0.2181313588337672,16012.949999999964,3492.9265424371647
b8555308bfdb4ca1ed54325a58da9a97,0.7953464095458366,3047.2000000000016,2423.5795791680744
5f67c6082caacb26e431a7b17940cece,0.8896917823480607,1662.5999999999997,1479.2015573318854
b1fc4f64df5a0e8b6913ab38803c57a9,0.6480584459934388,7994.739999999993,5181.05878052158
3504c0cb71d7fa48d967e0e4c94d59d9,0.715927875228625,2349.9400000000005,1682.3875511147553
056b4ada5bbc2c50cc7842547dda6b51,0.7550407007262734,12203.399999999989,9214.063687242997
8f2ce03f928b567e3d56181ae20ae952,0.5318304324856232,21213.200000000015,11281.82533040403
b372ee768ed69e46ca8cdbd267aa7a38,0.7140270813280389,12630.0,9018.162037173131
b37c4c02bda3161a7546a4e6d222d5b2,0.8868531117124204,24075.0,21350.98866447652
e8b4225284fbb02d16f200513f1f395d,0.8642473411905945,5638.619999999997,4873.162342984107
2a84855fd20af891be03bc5924d2b453,0.5827082704266139,14988.99999999997,8734.214265424498
c8b0e2b0a7095e5d8219575d5e7e1181,0.6702410027603977,12170.209999999986,8156.9737542046105
19e0f40a907ec568c34bfac15de4f4a1,0.8120651576393257,178.0,144.54759805979998
85d9eb9ddc5d00ca9336a2219c97bb13,0.009847681623297083,15107.239999999878,148.77128972673742
1464afc72f696af775557a821c2e253f,0.8114391252946825,1059.3599999999997,859.6061517721746
116ccb1a1604bc88e4d234a8c23f33de,0.5927120151565849,2004.8900000000003,1188.3223920672856
d1b65fc7debc3361ea86b5f14c68d2e2,0.8632633547323892,11413.169999999995,9852.571422331059
d03698c2efd04a549382afa6623e27fb,0.8842570337944974,8865.470000000001,7839.354205394104
91f848e9f4be368f4318775aac733370,0.729740081610715,5668.609999999993,4136.61192401931
71592660bbcb6a4664e97b6f8b68babc,0.8466314807410211,2027.18,1716.2744051285833
1430239a858e7682bbc43b20758af153,0.7891979100251167,633.9899999999998,500.3435829768236
edd066cd02126d7800f9b66e980e9931,0.9117908671110175,987.6999999999999,900.575839445552
fdaaf5bfda82b7b80535610c831b8d09,0.8173222021996256,2588.9,2115.965449274611
c37b2059d4f90d4feead554e5246565e,0.8287623332499701,839.2999999999998,695.5802262966997
62760d278921b5f352461620d68a9cee,0.8451293730004289,397.0,335.51636108117026
1976a05ecf2996d6ffb7b5430e635fe7,0.730532877101484,1796.1999999999998,1312.1831538496854
d1c7fa84e48cfa21a0e595167c1c500e,0.9289466224354338,1156.0300000000002,1073.8901639340347
1b45169b635ef59425637e9a33eb5fb3,0.802141305446613,308.9,247.78144925245874
8cc6a0e5738e61a87b03c78b2ba9db4b,0.8099356324769291,13272.699999999995,10750.032669176533
e06f09ec0a4aca210779cf1cfc63cf19,0.5870061429011296,5279.49,3099.0930613850846
0eaa7e33d73809f1f925f7d07c506cbd,0.8126185109257024,1552.0,1261.1839289566901
5c243662ce92d84573bfaff24c3e3700,0.6569631593266801,32862.02000000006,21589.13648105659
9674754b5a0cb32b638cec001178f799,0.6676171857372979,4941.7300000000005,3299.1838752735775
cfb1a033743668a192316f3c6d1d2671,0.36659966307757463,12609.539999999983,4622.653115563194
b92e3c8f9738272ff7c59e111e108d7c,0.7831418566078138,8231.089999999991,6446.111104506002
f7720c4fa8e3aba4546301ab80ea1f1b,0.7553143383528379,2043.550000000001,1543.5226161409428
e0878efa0e0b7e5313ac0b43bc04c081,0.8619127617810192,5025.4,4331.456393054334
1e9d5a33694bddb76316fd1f54734d20,0.9043328655076751,318.0,287.57785123144066
07d75e33f2750d97d467fb57e4dfdd8a,0.8482486107165838,722.4,612.77479638166
54965bbe3e4f07ae045b90b0b8541f52,0.7378694204947152,10351.699999999993,7638.202880135138
a7b7354cc588f7566a848bcbb1ce3d96,0.8380401145729932,79.8,66.87560114292485
aced59e9b31ef866a94f9e7f29d8d418,0.6532488704218531,7268.500000000001,4748.13941466124
18a349e75d307f4b4cc646a691ed4216,0.4284690759785202,7425.209999999999,3181.4728676464674
577719699805dd125d5b6fdde5943bba,0.6812846520767962,1077.8000000000002,734.2885980083711
9539213aa8e023c01937bef95dc006da,0.8010914481013698,229.10000000000002,183.53005076002384
1d29dfba02015238dfbe2449a5eaa361,0.8801281088588607,612.7999999999998,539.3425051087097
b55638ad525e906c698fa2ce742c1742,0.8265019497059711,1094.8000000000002,904.8543345380973
b1a81260566c1bac3114a6d124413f27,0.8558018980588402,8684.689999999991,7432.374186052622
8185694b58b2ba6de20fd41ae608bbea,0.8023316330638098,1372.3,1101.0397000534663
55f7a3319d80f7fdf078b8f03e6725fe,0.7557111525828404,3013.779999999999,2277.547157431112
002100f778ceb8431b7a1020ff7ab48f,0.7566784157599039,1216.6000000000001,920.5749606134992
c6bda72e4dbf5c5866b13cb1810c6d03,0.7293125071537684,14059.37999999999,10253.68167682754
d20b021d3efdf267a402c402a48ea64b,0.6507875036161109,3922.299999999995,2552.583825433469
ff314fa6033cc68ec451c47aee2d6ba4,0.9976580916809813,537.9,536.6402875151998
00d8b143d12632bad99c0ad66ad52825,0.8821966517385808,86.0,75.86891204951795
cb5ff1b9715e99589f3e0c7a6afab9e3,0.9026955089768671,85.0,76.72911826303371
070d165398b553f3b4b851c216b8a358,0.7565908970279448,3333.1699999999964,2521.846080246632
21e83881401b92b49fb09a16d3852291,0.9674793028037911,3109.06,3007.951201175155
32b8764b4ef628b53608fc34011fcc13,0.8180367136252543,8884.0,7267.438163846759
2ee0a0689f2f6a72f35a7cb6033f6e7e,0.8209871760495376,272.0,223.30851188547425
7b98de631987e26dd6d803490c43a13c,0.4748334655733522,634.1999999999999,301.13938386661994
ff69aa92bb6b1bf9b8b7a51c2ed9cf8b,0.8921633527603626,21940.8,19574.777690244562
bacb1f0ed56ad24198f5810d2b3fe9a5,0.8062478576431676,6078.049999999997,4900.414791148053
83645b1645cdee8953ee54c29ceed564,0.8577340762830054,978.8999999999999,839.6358872734338
ac3508719a1d8f5b7614b798f70af136,0.6887243092236838,12446.139999999981,8571.959174001247
6c12e40690c335dbc2f68a4134d30dc1,0.9485068670635151,9139.199999999997,8668.593959466874
5acd070dd3fe441bbb2ec1f1ede515ee,0.8551817554500577,764.17,653.5042420622706
33ac3e28642ab8bda860a2f693000e78,0.7797938964797622,3661.03,2854.8488488293037
c12b92bf1c350f3e6bf88d3596219c86,0.7274616816211782,4808.78,3498.203185346289
594f9aaa48e5bf431f011ddc5669b0d5,0.6512079198519688,3248.8000000000025,2115.644290015078
446cc09cdbb130904da114e807dbec40,0.8365422822365821,252.8,211.47788894940797
c4af86330efa7a2620772227d2d670c9,0.7454573556252357,5396.0,4022.487890953772
01c97ebb5cdac52891c0ed1c37ba0012,0.8402246967421664,577.4999999999998,485.2297623686009
e88c9b79e592e370d6bd852eeefbf057,0.8852126135806954,251.87000000000003,222.95850098256977
73a63f72308aa20a46f4b1632018f196,0.9549457690684796,7640.799999999997,7296.549632298436
b7cc6c5e001441ae8cdd5c69a480cbe4,0.9414035517166339,452.8,426.26752821729184
0c7533c71df861ec58ad7ff999ed0e8d,0.7085890490126762,2989.3000000000034,2118.185244213595
a414555ce331b8c8aea4a9cb8395194d,0.567749351396009,1450.95,823.7759214080393
741f8c587cb4248ebc5b779a0e8e0e51,0.6901189899933491,89.94999999999999,62.076203149901744
4917cee8d902e13428c3ec4b1ca6f315,0.8701712654792632,5103.9,4441.267121879611
042573af89b6d931f672efaf789d8358,0.8747238922685777,413.48,361.68083497521155
12c2ed9cded6138cf0c75f525f565fc7,0.6400165402742635,314.96,201.579609524782
014d9a685fd57276679edd00e07089e5,0.8549818056019344,729.88,624.0341202727399
4736e9d642ef4257cd7622516931eb51,0.7188765753514847,1078.8700000000001,775.5743708494564
c60b801f2d52c7f7f91de00870882a75,0.7957439445179576,11296.499999999998,8989.121469247106
01ed254b9ff8407dfb9d99ba1e17d923,0.8364107531121292,1465.99,1226.1697999548503
968ee78631915a63fef426d6733d7422,0.9257320516777341,450.0,416.5794232549803
1996942dc085d7773ba77a529b163cd0,0.8796061663777421,2383.52,2096.5588896846757
aa8af66c623d7d544dfe4bb85b5ebe3b,0.8918149355515106,99.0,88.28967861959954
0b0ddbc7b9d9584f442c7ac92b0ff6c9,0.840431209420561,1416.76,1190.6893202586741
a3f0b55de503387383c7b1de3ad7f678,0.8684032522226238,4348.400000000001,3776.164701964858
099095b050cfe8eb1ddff5317587e96e,0.7483012727221893,5003.839999999997,3744.3798404981976
e4fc40017a6d22c46a14ac2e17f87c3e,0.99488768521096,129.0,128.34051139221384
e9729944ba65dc3ce425e0c5a22ae7b2,0.9456377736776147,916.6999999999999,866.8661471302694
c4fb51fb1c5b7c07bc5e67be6e7e8f6e,0.7267926687035404,1567.9,1139.538225260281
457fe919b032a3f7dadba6fb92cf7855,0.7322664897831139,1104.8899999999999,809.0739218964646
918717417d88a9f9ae9735567e6c7682,0.7147707124461522,345.70000000000005,247.09623529263484
f626e15b7314c267e4429010866f70e9,0.736284172629288,193.55,142.5078016123987
128f9bfbe4c7d5185033914b1de3d39a,0.8554062667301789,1267.3899999999999,1084.1333483911615
52a50b42accf164f9f019941e5759d9b,0.6264153454292906,139.96,87.67309174628352
6bb62a4912377c7bfe7cb17b406bc7e6,0.775746765535381,739.5200000000001,573.680248048725
91f0eec23d4a61d7d7caeefa3f0ad1ca,0.8691525423989086,2190.8,1904.1393898875292
a218df5c097b0ca409cfaac1488cc7f6,0.768215118645989,130.69,100.3980338558443
f789d2c4f2c2eb38fc4373e7a4b35264,0.780059552785685,4864.239999999994,3794.396879042236
003554e2dce176b5555353e4f3555ac8,0.998619723211418,120.0,119.83436678537016
d32e3909cfb714fb2a6cb092c85b9c5f,0.7954500277950198,2827.9000000000005,2249.453133601537
e59e489e2ea74bd409b798b5daf49de3,0.896877008398499,495.0,443.954119157257
c12d7463a579237ffb9248bd7cff378b,0.8265242571342474,25.9,21.406978259777006
0dfbed20065e425d2eaefb101f9816c0,0.8086387879845925,84.35,68.20868176650038
6e4a902d1054e4e17aa6eab87fac1c75,0.6037901462634782,586.57,354.1651860937684
b494891378bd8f4560abe576c52deacd,0.5545079809544214,2839.000000000001,1574.248157929603
52f6f9f13ba19504c02781132a049e75,0.8989789305285976,199.0,178.89680717519093
5563732abe64c3036cb97ad924128dd1,0.8099492011109878,404.0,327.21947724883904
62de60d81c55c29d76a6bce418b31cef,0.8409266102972007,103.0,86.61544086061167
cea729054f157f5870bdd321a958d994,0.8002482641813339,2482.1000000000013,1986.2962165244899
a06c8ff043abea0528ee44171e2140a2,0.9031451644391847,514.5,464.6681871039605
87e24fc7052259b1f7f607d61c10d8be,0.9445463145069224,7073.589999999999,6681.333364833021
2059c39f76271d4ca3f15b5ffaccc8b8,0.9064456191352722,604.8999999999999,548.308955014926
0bb738e4d789e63e2267697c42d35a2d,0.7688238607841337,2308.400000000001,1774.753000234095
6bcb2352a2a0c38b845f598298ab9d26,0.989934363555185,15.9,15.739956380527442
9ed65337433adfbedefd23dd76eaa494,0.8528364759036062,1262.6000000000001,1076.7913344758933
bb3dca718920a4d7ec3cc9ffb025108b,0.809086565689004,108.0,87.38134909441243
2c3d56f92f360fb89d849b84e8f50eae,0.8125554230505907,425.1,345.41731033880615
fedaedd3ca31d56ab33e92035e4b361c,0.910264792898921,39.9,36.319565236666946
781a66c0d89e30814d49fe8b5e14cd07,0.889294992950544,115.0,102.26892418931257
3492e68f37fd1df87f4f2f2ea247f445,0.44975536517082737,787.86,354.34426200348804
8b181ee5518df84f18f4e1a43fe07923,0.5597385165280173,27.9,15.616704611131683
b0f2a6122a90a93eb03e68653dd960e3,0.8675945351456976,1620.2999999999997,1405.7634252965736
38e679b9e0064cd94c6f035707344dae,0.7770955657369718,3644.15,2831.852805880386
c7dcd301ecfe5ab7f778ac172cf74be7,0.9485550467109557,407.79,386.81126249826065
4391ea5c5990502176a1dcda44a2373d,0.887519956133016,2349.0,2084.7843769564547
6bef34c5be6f2bbd70aa5165f6df94b1,0.8804166930992938,1198.0,1054.739198332954
9c690ceacd5c66731bf443ea810195cb,0.7966731641322233,871.7999999999998,694.5396644904722
c5f7e746b7e6d07def6c0dae9903279b,0.6490516132178415,1429.0,927.4947552882956
747c1cdcd1737dcfbd1547f6eb6f2cf3,0.748149912393424,193.1,144.46774808317016
e256a62e0ac58c0edfba09966142d561,0.8279102890595142,1474.1100000000001,1220.4308362055206
ea1776927851da2532aa70d6a32c095a,0.9711560374733947,283.9,275.71119903869675
c87abc38c8ed3240861729e1aeadf221,0.8268142933734869,133.0,109.96630101867376
44717f64ec2a457979cf83c429077666,0.8009232317180922,107.0,85.69878579383587
9bc484c87d79cd4874e05ca182658045,0.7435219022829929,970.0,721.216245214503
bc8c8d665ec4664d286be0d521722b19,0.5883811786403664,22.5,13.238576519408245
e546117ed9cafbc40239c0c78635c584,0.8432024606499311,456.0,384.5003220563686
c13ef0cfbe42f190780f621ce81f2234,0.8646368208670187,390.0,337.20836013813727
010da0602d7774602cd1b3f5fb7b709e,0.8419126616291079,849.5,715.2048060539272
406740ee611378a662d274c7d8c43c4a,0.9023082594376854,1790.0,1615.1317843934569
6ee85be3693ed79a8e80718743d80655,0.9836249427567335,147.5,145.0846790566182
10264f60a8f0a4d2f30810f5c661c673,0.8051651383462678,284.6,229.14999837334784
7df1fc11cc5cbc518b39faa60cf5d67c,0.9023708104452366,1037.6,936.2999529179774
160851d3ece7aa1a510f8d1a4bb8a8af,0.6304223907488856,102.05,64.33460497592378
c7fdb77fdbff3c41981bc52f787e959e,0.8393898410774207,658.4799999999999,552.7214225526599
5dc203c7b84a0e71e878a179de05fb9a,0.5337440678216095,421.9,225.18662221393706
bfd938b22bc99bce1ae60dc602889f52,0.9453418500628616,623.4,589.326109329188
5ef131ac72773e5b3f6c0d63cf424657,0.8257923296393314,575.79,475.48296548303057
4c4d546adf3c3868fe19c9ec6e9ffda9,0.8585801701845988,111.69999999999999,95.90340500961968
ca77545ca4d2dfd1431bf61334e2fa3c,0.8927260255755807,759.9999999999999,678.4717794374412
be7a093e5b4d147b36b72bb1f9e415e5,0.8723283800928437,60.9,53.124798347654185
2eeb6531ee027a48d401e72bebdd87d3,0.8402515073683106,38.699999999999996,32.517733335153615
86bf77bdb52e615674772d5817c6212f,0.829624592719245,281.8,233.78821022828328
8ec76bb0965af3f007692b26fa9d6623,0.8940137426729097,1999.0,1787.1334716031465
a1bea9970d8f65b240555f99c2214f7f,0.893036076795492,75.0,66.9777057596619
99eaacc9e6046db1c82b163c5f84869f,0.8136147726133103,12642.279999999999,10285.9457675138
6524b847b982cd56bb5d4b02b776ee42,0.8554297058916465,779.8,667.0640846543059
88cf19ec1fc2c58f161aee259d57142c,0.44893245459724107,1372.97,616.3707921883741
c3cfdc648177fdbbbb35635a37472c53,0.2912511336207097,43048.18000000019,12537.831225308419
38e6dada03429a47197d5d584d793b41,0.8517455791063465,596.14,507.7596095284574
966cb4760537b1404caedd472cc610a5,0.8900601442103879,45928.26000000001,40878.9137189322
729f06993dac8e860d4f02d7088ca48a,0.596207263688718,19885.180000000015,11855.68875575763
2646baaf662d4d92ac48f047e35db92d,0.40526830595832136,1263.0500000000002,511.87413384065786
00720abe85ba0859807595bbf045a33b,0.7942578689222305,1007.5000000000001,800.2148029391473
53e4c6e0f4312d4d2107a8c9cddf45cd,0.010560397009220037,29587.77000000008,312.4585978174912
e333046ce6517bd8bb510291d44f0130,0.532580398083244,7268.0,3870.7943332690174
54aa8463e87776b5612f4bdc4bd5d4de,0.7985812539915227,649.3,518.5188082166957
66922902710d126a0e7d26b0e3805106,0.49451904745999364,14267.299999999997,7055.451605825966
2b3e4a2a3ea8e01938cabda2a3e5cc79,0.8149060392240752,23629.150000000016,19255.53703673157
2e1c9f22be269ef4643f826c9e650a52,0.2689994108455165,12170.239999999969,3273.78738984853
e5e33c0d8e7e002f398f5dc4cbbb338f,0.8620295660570241,6494.899999999999,5598.795828583765
23d7c96d4a1160db1c726b248601b25a,0.748372316117828,10658.239999999993,7976.331754539673
3078096983cf766a32a06257648502d1,0.606696505825293,7910.839999999995,4799.478986142957
7ddcbb64b5bc1ef36ca8c151f6ec77df,0.11452471225954752,54435.659999999836,6234.228298158542
4c2b230173bb36f9b240f2b8ac11786e,0.17706655444697492,14474.569999999918,2562.962237001535
612170e34b97004b3ba37eae81836b4c,0.24414083617139667,23065.02000000002,5631.113269109992
4c498c7345e89aebad651544829beca0,0.6600946066999568,4570.27,3016.810578162612
5b67882648febfb6e1225e6ad7164f6b,0.8660004531817214,6813.479999999997,5900.4767677445925
c4d51195486dc781531876a7d00453d8,0.8754660173711687,11468.98,10040.702243909585
df56d7b40d437f88407c5f78b63bc328,0.8830806457229169,2791.2800000000007,2464.925344793464
a7ecf689b40a44361e259b28939023e4,0.9330090442017324,389.0,362.9405181944739
ffdd9f82b9a447f6f8d4b91554cc7dd3,0.8119904260795604,2101.2,1706.154283278372
da03c298e3999e9d828591fc2179d109,0.8359733689004029,787.7,658.4962226828474
05e107217c7266362fd44b75b2cd4cc4,0.6614623067591897,193.38000000000002,127.91358088109212
52f0fe436a347ddad7ed5f9aa4e27eaa,0.7902253367344888,1452.4900000000005,1147.794399353478
a3e9a2c700480d9bb01fba070ba80a0e,0.38583991421369096,13371.8,5159.374164882633
5151aea44289d6c6b090ee31c2132508,0.8314231003487887,1315.3000000000002,1093.570803888762
226b05fe067266c59c15dae208213d06,0.8464854059889908,1056.9,894.6504255897645
013900e863eace745d3ec7614cab5b1a,0.7893877641417829,1619.6999999999998,1278.5713615804457
1e26c56af8d48424e1df0140a2401f83,0.5395257491437372,258.9,139.68321645331355
2fdde51ad3e12f297da656d4fbd5d0b5,0.8804982192482607,5803.0,5109.5311662976565
96804ea39d96eb908e7c3afdb671bb9e,0.8314512734006615,3530.7499999999973,2935.646583559383
5075aaa8404020ae6aa8bf4792099b41,0.924865363336539,1572.88,1454.7022326847755
ad781527c93d00d89a11eecd9dcad7c1,0.9070235804294787,6039.629999999995,5478.086827069288
19484c79cef6c062cb177aa4ef2fcc3c,0.8444493666031697,201.9,170.49432711717998
670a9dda115b5a88b18cfadee8de2332,0.7716947136042771,918.8999999999999,709.1102723309701
94b9108d4b637ba65bb4f1e53cfcf8d8,0.8457959944593936,234.95999999999998,198.72822685817908
0b3f27369a4d8df98f7eb91077e438ac,0.8463726191528935,146.51,124.00205243209042
25c5c91f63607446a97b143d2d535d31,0.7479137741572187,54208.78000000012,40543.493242258446
45ba18c210d42734ec52c0c1c574e9ee,0.846380246436617,5099.439999999997,4316.06528388874
4b1eaadf791bdbbad8c4a35b65236d52,0.9673340777310254,960.09,928.7277746887802
b5abf4f36adc043117b4fca82c22984c,0.9542042556826984,803.0999999999998,766.3214377387749
2f09f7d37a97956d11cc1a7cadd5262b,0.9737834808605647,625.0,608.6146755378529
ce27a3cc3c8cc1ea79d11e561e9bebb6,0.43317789667883555,9465.44999999999,4100.22372211868
1da366cade6d8276e7d8beea7af5d4bf,0.8042835668749224,6348.589999999998,5106.066609826463
4371b634e0efc0e22b09b52907d9d469,0.579327752027443,8168.0,4731.949078560155
f3862c2188522d89860c38a3ea8b550d,0.8439860544348582,15.5,13.081783843740302
cac4e0bc1a3269fa2b6ea5e763f6115b,0.8607189941833534,57.88,49.8184153833325
404e1ba01358af4cd63f679b2c4d1fa1,0.7736518272072838,373.8999999999999,289.2684181928033
e3dd723429d1b23614b7fa85e2c7a853,0.7702401696773895,471.04999999999995,362.8216319265343
2d9e8987a2ea5cf88dce330249043ff1,0.8384501333376289,239.8,201.0603419743634
08084d990eb3f53af056ccbc1730c8a7,0.8451570367960846,372.50000000000006,314.82099620654157
86ccac0b835037332a596a33b6949ee1,0.455007708488454,15894.339999999967,7232.047221336359
c8660dcf9ba70575f45d80fe28c27713,0.7419440425808991,335.0,248.5512542646012
d7485b33791774c36108f8c69602d48d,0.8954728290730446,399.82000000000005,358.0279465199847
fd386aa7bed2af3c7035c65506c9b4a3,0.5827011465782223,2304.15,1342.630846888211
c731d18cea9bf687ffee82a241c25b11,0.7502366345994572,3662.0,2747.3665559032124
fa1a9dec3a9940c072684a46728bf1fc,0.7386291146568575,6673.999999999994,4929.610711219862
be8e909810184b9b19e886129149d8e5,0.799745844095561,629.85,503.71991990358913
4b0fdb526525f9890eb145bf1534640e,0.696790612672077,2419.000000000001,1685.536492053755
a1544b9ea0b2390e020537d4daa89049,0.814081318759264,841.1999999999999,684.8052053402929
903037660cf848a717166eb7a06d616e,0.7163207998743539,7935.179999999991,5684.134484746969
141440cad9341e553f8401c574a2aa38,0.9567904740311611,1288.1999999999998,1232.5374886469415
eebb3372362aa9a46975164bed19a7e7,0.9866250537759775,295.96,292.0015509155383
89757206b887aed36f3e18d858460fea,0.6442719520427069,120.5,77.63477022114618
0c7f30ae9b147eca07affbef92832a6a,0.8163709444932683,479.5,391.4498678845222
06df0c10d34e459d9672bc77388742eb,0.8892931597699488,9070.0,8065.888959113436
eaf6d55068dea77334e8477d3878d89e,0.8369390915581689,51.0,42.68389366946661
9ac4f14370b1e24ddc58be041b7f99df,0.7268038332166196,314.51,228.587073584959
4eb61f060e7dcc1d5a80d806c35cc541,0.8163798465802065,1313.0,1071.9067385598112
99002261c568a84cce14d43fcffb43ea,0.8751099487741231,4088.0,3577.449470588615
e89c4adbe7b1d0819dbb636e16461cf1,0.8229597751843588,3181.3,2618.0819327940007
07a9bc7f61396b658ddf3ac534efe44c,0.8423551540080865,119.9,100.99838296556958
1b7e5006cb25dd23ce8686691013b121,0.7963280010122912,2636.7400000000002,2099.709893389149
9906e7aa42a3c067b7c9a564d01c4320,0.8967217012810287,2619.000000000001,2348.514135655015
11bfa66332777660bd0640ee84d47006,0.5182194670694994,3925.8699999999926,2034.4622591841317
f1198c871e0171278b63f40d112caeec,0.8390533808482608,475.8,399.22159860760246
d9d43faf741ceaa8da52fdbb81d9e0e3,0.9702977034286544,161.0,156.21793025201336
253f95b3a0e6983ae18aed49fbc2b845,0.8349668274732746,799.5,667.555978564883
528bcf6680c36dddf07620bd35b33a6f,0.8115903291003946,969.98,787.2263874208008
2a50b7ee5aebecc6fd0ff9784a4747d6,0.8704062694980992,199.8,173.90717264572024
cd3d09fbe6e3e9ff0c0ac0c300e93ae7,0.8203307703514178,651.04,534.068144729587
0432ead42b6c8a0bdf68154add917fdf,0.6978245900620521,7574.399999999989,5285.602574965999
ddd51ae8cda92f3995a51fc0f0f3eec7,0.8493234625356595,842.6999999999997,715.7248818788
5b51032eddd242adc84c38acab88f23d,0.8200608451609052,3280.0,2689.799572127769
c7bb64409aa480bb7d0335faaaf3d242,0.7780502465533846,97.6,75.93770406361034
f5f1f2c5f923f36ad79ea1d07185ddc9,0.8848027091640626,1517.7700000000002,1342.9270078879395
c35affa65afd250151285c5917fc1c8a,0.8982855492530107,4779.919999999999,4293.73306258545
b9de031b671cd48b28fae9d828cbf2b4,0.8410588410516739,155.32,130.633259192146
f125f3a310c2e5f822d116147de1e474,0.6355063505239315,2761.4,1754.8872363367843
8132b9bd16876e1b0f8808d43825dd48,0.9955808735703984,77.9,77.55575005113404
6c6cc59a5c00cacc5054ca06d65cc282,0.8605248265502362,1107.0,952.6009829911114
63b9ae557efed31d1f7687917d248a8d,0.8133922759577572,139.5,113.46822249610713
e53d5b9b29d1218281f4a907ada18626,0.891065430243286,350.67,312.4699144234131
03bd479e1d9484cdb14104d3023f7321,0.8901752831269905,359.70000000000005,320.19604934077853
f12d3c2a14729ae461b920c11fe20fdc,0.5467719464634845,364.45000000000005,199.27103588861695
4221a7df464f1fe2955934e30ff3a5a1,0.928435813379623,849.5,788.7062234659898
389e45560e33d2d0747f949dcddbc08e,0.840764738863852,39.0,32.789824815690224
a478c7961d6a992065b24e63b366f90b,0.9028077606274849,1281.5,1156.9481452441219
43a5d4a57af536fddc96d08be3afdfcb,0.8917711645982539,75.0,66.88283734486905
47efca563408aae19bb7206c2d969ea9,0.9280536654802328,2383.0,2211.551884839395
97e50a621f8e801f4baf69e08687c192,0.7537719413818784,89.9,67.76409753023087
0a82f5fb06a4fe4ac2cf7cb412ec71b8,0.7329823258621785,462.0,338.63783454832645
a150c540f572d0fb53992264bc5c10b5,0.8400687080379128,119.9,100.72423809374575
3606774ec64634822d78dc2db6d37045,0.9928651945666187,179.9,178.61644850253472
fe9d9cf8631285d5982c6e2cf27fb114,0.9052418071697144,69.9,63.27640232116304
27a56ff04b34c2ba34ce6ba4d3b9d616,0.7747132094263369,349.28999999999996,270.5995769205252
427165bf50f8ca07efc7bdc2bfcf1688,0.8068323891761592,1603.5,1293.7557360439712
bdae679a9b282249bc23b9b69dae9a99,0.7313987385108798,663.1500000000001,485.02707344349
8bdd8e3fd58bafa48af76b2c5fd71974,0.8986145742700467,2135.83,1919.2879661631937
2b1a40c1daabc6ca280c4b815c101841,0.9115891522895273,12342.599999999993,11251.380271048713
f5b84683a9bf9e1df748cf40f601b39c,0.8815708262967371,83.9,73.96379232629624
0887a9f087bcd5d9f6642b52f897fc6c,0.7656903099696892,1642.0,1257.2634889702297
a3b0df0065e264a91b7bbf5f844af5cd,0.8392227394940394,186.69,156.6744932361422
b26741d31a563d769b4af0465ab20c56,0.820290405618474,648.0,531.5481828407711
53088c75f948b48a7ece173ac17f0c12,0.5129825785227348,261.70000000000005,134.2475407993997
b45d7ebfb7378630f1bcd74b6ff86ff7,0.9998422585172511,899.6999999999999,899.5580799879707
a61cc04793308395a840807104365121,0.818049812882825,14.63,11.96806876247573
478bfe564db21eeb44386606aa30b650,0.8553818421521291,182.70000000000002,156.278262561194
a7c88262832dfc683781d6a421edefae,0.8401800472780017,1520.0,1277.0736718625626
2aafae69bf4c41fbd94053d9413e87ee,0.8456664291005178,94.0,79.49264433544867
7c462184585ae80bd6e5774c62ce50f2,0.8815236586518741,60.0,52.891419519112446
09bad886111255c5b5030314fc7f1a4a,0.5967387456828764,487.5,290.91013852040226
c8c1bea22194a4eefa2dc9a9fa89f536,0.8349782558239829,1266.0,1057.0824718731624
5587130f9850696ed7fafbc91c2cee44,0.8160735827137426,69.8,56.96193607341923
9fe7c6641c79970ab48185498f547c09,0.9088469546993379,130.0,118.15010411091392
9b1f656ca3060f8af17a50d8a024b533,0.5341277807398209,41.0,21.899239010332657
d1582f4043306e6b91afa6a8a884f898,0.828947728371354,990.0,820.6582510876405
7c9130f5f3729edd32aa059141d92484,0.6541872419105564,126.0,82.42759248073011
455c5640e8c5bd1b2ee85c0158f85727,0.8870093191198858,6729.5,5969.1292130172715
ede2977fbaf3738583170735ca403f6c,0.8728096241999561,289.9,253.02751005556726
87b740daf17b5d1be335a64164ec6842,0.940382313066705,12099.89,11378.522546052693
97e4a63591ca439a2b8b7efd20e6e19e,0.8717301941448322,349.95,305.061981440984
a45765f8afb1e594b22bf9e974b46765,0.8408684278254966,79.99,67.26106554176147
71dc18fd8cbf5fd77f45dd8b427abb34,0.953167233519074,1080.0,1029.4206122005999
762fafdaa57a532ee0119731697579dd,0.5218347443141513,206.7,107.86324164973507
258447aad3f7b01e2643c89f64dc5647,0.8723094348614429,51.9,45.272859669308886
9996ae921c50e8dff411ac69c0b4bb8b,0.8460853441542358,29.700000000000003,25.128734721380805
54c04bdb5ec46762f8f08c7e8f86ed4a,0.7018424105599537,3281.66,2303.2081650381774
3d49bfdd1b43a7fe169b3740067acc61,0.8087556993521127,215.0,173.88247536070423
164a5a8794e6d42e14f55e447b12a3bc,0.922115788091429,73.99,68.22734716088483
28872dc528e978a639754bc8c2ce5a4c,0.799914535186891,1009.9,807.8336890852412
f3975e8a41157005d4bcbb358678cd9b,0.8298464799620653,178.8,148.37655061721728
cc419e0650a3c5ba77189a1882b7556a,1.2188583719101995e-09,101090.96000000236,0.00012321556292044198
06a2c3af7b3aee5d69171b0e14f0ee87,0.05942769893047398,36097.980000000185,2145.219887438282
582d4f8675b945722eda7c0cb61ba4c7,0.6790629899321444,4702.959999999997,3193.606079131276
d50d79cb34e38265a8649c383dcffd48,0.802042906560647,13012.41999999999,10436.519158187886
2a1348e9addc1af5aaa619b1a3679d6b,0.7381396989055274,2697.400000000002,1991.0580238277712
e9c6969d40e6a3d2d0f90013165c2b98,0.78953284263869,5239.98,4137.136304769882
ba5daa4041e1f15cdf34b76e3e18a450,0.8159491780949709,806.7999999999998,658.3077968870224
c013e57c075a06e5b5c48ee03c525719,0.5615428311491388,1971.5500000000002,1107.1097687520848
0bae85eb84b9fb3bd773911e89288d54,0.3167757736617081,7433.559999999989,2354.7717200607235
aba1721a889e04decc910aa13b768ef4,0.6968469951629033,14103.3,9827.842226880974
1336efc61c316ddf92c899eb817f7cae,0.481696237244401,4837.309999999998,2330.1140253847125
fde0cc9ea29c8ccfc0a2c22256a58c71,0.8032126991488187,3922.0,3150.200206061667
adcf50477d6a1f5d91bb9d54c4903cb5,0.9179235938660231,981.8599999999999,901.2724598732933
abbf6046bbdf1028606a5bc7f00c99e7,0.9329695614415903,1867.25,1742.0874136018094
08cdbae123ff67ca4e36d9d641ce0119,0.8931493402839961,3098.99,2767.8608740467007
ce7d1888639e6fb06b2749cbfdac1ff7,0.7230738339725272,11793.89,8527.853259750249
128639473a139ac0f3e5f5ade55873a5,0.006664505917026858,11795.849999999891,78.61351212136054
8fdca8e349553f99bc738833a62c8802,0.7765764757538293,989.34,768.2981705222935
06e5eefc71ec47ae763c5c6f8db7064f,0.6310448131724656,21648.670000000006,13661.280915582365
e0a366315b1b726b6c7832d664c0f530,0.5770870689002436,7400.089999999994,4270.496247698
bf84056e679dbe9c69929847a40e338f,0.7483316377345239,1918.0800000000002,1435.3599477058358
289cdb325fb7e7f891c38608bf9e0962,0.5873401978966251,13410.549999999981,7876.555090902574
de23c3b98a88888289c6f5cc1209054a,0.3507857679165549,25933.670000000064,9097.162345844545
b17b679f4f5ce2e03ce6968c62648246,0.772402546719631,3424.1799999999994,2644.845352426426
abcd2cb37d46c2c8fb1bf071c859fc5b,0.8371296169800087,4817.3200000000015,4032.7212464701365
d66c11a9572221d92fbb8c4897db5f9b,0.7033006801865771,776.56,546.1551762056882
7210cd29727d674c00741e5e387b3ccd,0.5713871444836109,729.0899999999999,416.59265317155587
52d76513f0c4d97f3b99570e2c94ee31,0.758514615417231,8153.099999999997,6184.245510958223
0570350b23eda5444f8d1d9544932058,0.738010940337481,626.9,462.65905849756683
179d859f51292aac5c10806a356f7af9,0.833706882615518,404.47,337.20942281149854
f7496d659ca9fdaf323c0aae84176632,0.7691953631667697,4837.669999999999,3721.113332530986
229c3efbfb0ea2058de4ccdfbc3d784a,0.7220942513967683,15479.0,11177.296917370577
3c7c4a49ec3c6550809089c6a2ca9370,0.46556977733468596,4002.7499999999895,1863.5594262264094
39d61be7a92eb77b7da367bd4845bc0e,0.8382928468892802,700.5899999999999,587.2995856021607
7722b1df1b0e383e000397b2c11e3e19,0.3599356315564825,7046.599999999982,2536.322421325903
0c8380b62e38e8a1e6adbeba7eb9688c,0.2662770907072502,17228.98999999997,4587.685333024298
5cf13accae3222c70a9cac40818ae839,0.499313859744168,14293.299999999985,7136.842791481308
dd7ddc04e1b6c2c614352b383efe2d36,0.46290775453462935,9148.609999999973,4234.962512213043
dfa0c4c6229ab200a4a1336b4d7128ff,0.37995745924059315,4777.1,1815.0947785382377
870d0118f7a9d85960f29ad89d5d989a,0.75693315786444,3157.2000000000016,2389.7893660096115
85cc55e048b6bcc90c75afe7f0e72f72,0.8061959489339047,308.28,248.5340871373441
79ebd9a61bac3eaf882805ed4ecfa12a,0.6643732368881391,14783.089999999966,9821.489354508658
9c0e69c7bf2619675bbadf47b43f655a,0.6022659415455565,32720.400000000096,19706.382513747285
575df70bde3f9f2b30bf8d2e9910d725,0.7214202219076513,5410.049999999999,3902.9194715314884
2528513dd95219a6013d4d05176e391a,0.44862739825700737,32660.20000000001,14652.260552553518
e73bf2cea7fe4b0b4d287a7568ed1099,0.7334780774700436,737.6999999999999,541.0867777496511
4de6e4ba574aa9dfdc824bc44dc47fdd,0.8311329371579778,451.0999999999999,374.9240679519637
6e4f5ff6b086632ba8dcb558fb10249e,0.7933715029924937,838.9,665.559353860403
184a67a8f9f63234d3a92340bbdb727f,0.928158618839562,246.29000000000002,228.59618623399572
dcf3755cefcdc158ad0b7bdde51e871b,0.845142533086765,269.70000000000005,227.93494117350056
3d0cd21d41671c46f82cd11176bf7277,0.8218113749202985,447.79999999999995,368.0071336893096
a420f60ff1aa9acc80d0e42959f2b313,0.5659707194181449,7443.299999999999,4212.689855845078
4d9fea3499bdc22aa4da4e339365f215,0.8425430085830934,192.54000000000002,162.22323087258883
a673821011d0cec28146ea42f5ab767f,0.35994087491768734,13365.99999999997,4810.969734149799
4a3ccda38b2129705f3fb522db62ca31,0.7266897888332778,16169.08999999999,11749.912597726257
32fdd5d44ecb43dfd6a24b9369eca144,0.8987083503102269,479.19999999999993,430.66104146866064
1b8b75e227c9a9c100d0c210fb6176ce,0.9226635856745873,1444.8700000000001,1333.128935033641
0417b067eeab773d2f7061a726dc477f,0.8651442395078399,1859.1799999999998,1608.4588672081857
5a6a02f419701fc8c605af71d4fc57a4,0.8515146975824255,600.5,511.3345758982465
26785a546900236d66f2e4197c211158,0.8139732167849326,1019.1999999999999,829.6015025472033
f41ce2e25237f9092cd8e6e7516c7a2f,0.7206877754926572,1961.9,1413.9173467390442
abe42c5d03695b4257b5c6cbf4e6784e,0.7660230323280656,17000.0,13022.391549577114
973f21788dfab357250f69a8dcb7ddee,0.9433688217732734,819.0,772.6190650323109
b32be1695eb7ec5f10f72d9610a12527,0.8825424840372992,26575.0,23453.566513291225
a2b911e9ad40dc7d61c142a4683e2d85,0.8924887993592132,85.9,76.66478786495642
b18dc380845b24038cfc48006478f099,0.739616580634505,7753.960000000001,5734.957381576727
83c465a786b06574376909b35ef6752a,0.6207317839068826,281.4,174.67392399139675
8b2d4ab22f42c5cfc338b846decfda60,0.8621368207340525,458.0,394.85866389619605
c9e5ad1f6647f5dbd1172adf6ae3cada,0.7882480811839249,259.03,204.17990046907204
2b5ed0c9139dae8883a200dfcb272ece,0.855881742054804,85.41,73.10085958890082
f266295f49a28eee21f413e0cbb0521d,0.7180081749700205,149.8,107.55762461050907
933446e9a59dece7ae9175103820ca8f,0.9869939959036615,64.99,64.14473979377895
c864036feaab8c1659f65ea4faebe1da,0.8393294380965782,10454.19999999999,8774.51781174924
499ec63c58e51296c9cf57edcfe1c8a8,0.8472174308115961,365.0,309.23436224623254
5f3ae9136c875522250f8184f253413a,0.7466624288860517,1143.0500000000002,853.4724893382015
929f342384a6607afe143d789ade1316,0.5559547677996376,209.4,116.41692837724412
55d3daac7c404d59e51c2aa2f4dc5a23,0.7541459508293452,4480.599999999999,3379.0263472859638
69a43819c758c65a5befb0b471c954d7,0.882503003982589,299.85,264.6185257441793
6b15924333bd1a741595fe981ea04822,0.7654212360053702,614.3199999999997,470.2135737028188
9d5a9018aee56acb367ba9c3f05d1d6a,0.7508969976241189,10119.979999999994,7599.062598016126
9b76ad3d04236f76bc71c59470305e13,0.8169934712849246,394.70000000000005,322.4673231161598
5b33b527da3c5b969cc99dc435cad09a,0.8777949737280343,1872.7900000000002,1643.9256488481255
0a85ebe4e328db81ac9109781205e2f7,0.5779984833498247,667.9,386.0451870293479
b0398568231ba5e6734af1881671a317,0.935373726816065,656.77,614.325402560987
41b86b552e54e3a7009596125aa8b167,0.8463498441302202,1595.3000000000002,1350.1819063409405
1352e06ae67b410cdae0b2a22361167b,0.9999347914893507,178.0,177.98839288510442
cb3dd9ce66268c7a3ca7241ac70ab58c,0.7981990343829427,2788.3199999999983,2225.6343315506456
db2956745b3a8e9f3785c99f34b5d25e,0.49225143741771227,8261.0,4066.489124507721
184725737946a1a938bbbd1a9e978103,0.4526837260687515,359.70000000000005,162.83033626692995
8c0de775f52fe41590b376a3b7c50f68,0.9038288586067156,594.8,537.5974050992744
b4f8921fcc4ff77b66bea6dda43dcd51,0.8204698247654435,11395.05,9349.294676693466
14a08204d03bb6b6bde8029f801ae0eb,0.7107186077061819,2185.4,1553.2044452810899
5f1dc28029d2c244352a68107ec2b542,0.42687201935000085,2807.3000000000015,1198.357819921258
851773c885feb5e2da3b4f82bc2b17ce,0.7923242716281111,585.2999999999998,463.74739618393335
5f5b43b2bffa8656e4bc6efeb13cc649,0.790751257511066,3677.2000000000003,2907.7505241196923
94e93ce877be27a515118dbfd2c2be41,0.8216952497082217,5436.58,4467.211960658724
75d34ebb1bd0bd7dde40dd507b8169c3,0.9220027485234271,12656.329999999989,11669.171046219497
a5cba26a62b8b4d0145b68b841e62e7f,0.6514077555665859,14438.839999999998,9405.572357385043
a806a4bb063ea7ca6d374eafa50a6058,0.9211756181156687,294.4,271.1941019732528
e9511df20ccd82658a30c37b7fb343af,0.5974733312980338,2096.5999999999995,1252.6625863994573
37303482a42fb700d8d127e70a9cd6c8,0.9826314043292327,58.9,57.8769897149918
2379bdc3888025689a9deb7b141507d5,0.8280089327652849,999.4999999999999,827.5949282989021
fdb9095204a334cd8872252ffec6f2db,0.6483148687759462,8156.0,5287.656069736618
a23266650e7c84bb93fbbba502137478,0.9033508772542306,1512.4000000000005,1366.2278667592989
b76a1f8356322f12529c37b67d5c96c2,0.7260644544873294,298.5,216.7302396644678
6df688df543f90e9b38f4319e75a9d88,0.8204112796347852,1891.7600000000011,1552.0212423619023
2e3be8a987a30d7544dbbda6861cc14e,0.9686621932855135,2472.859999999999,2395.3659912880144
7d484ca289afaac6bf5fc6a1e96d2226,0.9055859803517675,183.2,165.9033516004438
6bb0724edf0b62fb91ac404873a97241,0.8439333594156021,3653.0,3082.8885619451944
f52c2422904463fdd7741f99045fecb6,0.7473762738875316,567.79,424.3527745506015
085f6f7e049c996695fb2074fe38d45e,0.7450243480772439,305.4,227.5304359027903
f7c31656c19db6275a8acadca289f426,0.9976703527024793,61.56,61.41658691236463
9d5604a1f112324ad6b2aa552122e0fb,0.8825615655315243,421.5,371.9996998715375
fadb07c842a2aef5d5a676b85f220e71,0.4853051969149459,398.75,193.51544726983468
79565f7d5603b24ddf07ade262547f2f,0.8313288520604842,346.0,287.63978281292754
ed49da7cadefc454d6a67de249eab240,0.9938478791834454,21.5,21.367729402444077
83b08de96980757220871b31bf6cffca,0.7846958543741595,1304.1700000000003,1023.3767923991478
3aa3c89ae3cd482385568be76120f63c,0.8990793400501987,29.9,26.88247226750094
bbf9ad41dca6603e614efcdad7aab8c4,0.8825978796088914,7846.0,6924.862963411361
a11a0e0ca67423425691db355cff69b0,0.7453366216016113,448.9,334.5816094369633
5b664594895aefb418afaee6d40a9a23,0.6392682919193575,1008.7999999999997,644.8938528882477
f918546be4bec7104d117789ba758b2b,0.9111980555655452,1483.0,1351.3067164037036
38874e327ce94d11390b96eb42d61928,0.8397799933841258,3779.9399999999996,3174.317988192392
d9cb0052a666de5308b32f32ad5f1b1c,0.8072381540700139,231.89999999999998,187.1985279288362
e0482f2c769468c3bbcd8a01e09d98c5,0.840244091618607,189.0,158.80613331591672
c26a2be5b53b7db6b276280da212a779,0.8740248435361745,7482.0,6539.453879337658
d93b8458c6fe139d85cfa5eadbf55bd2,0.8587392517296117,19.9,17.08891110941927
3985a3c45be355a4c57fde108bfabd1c,0.8833631883475709,344.19999999999993,304.05360942923386
9bcdfa7b615b3abb9461d9e3ad9886ae,0.8798235304816149,2126.07,1870.566413451047
83353a83fd769dfafa4f21a72b15e3e5,0.853006307665929,579.5,494.31715529240586
392e0502231ae2f8b29994ef6398cd77,0.8867506550560097,1572.9,1394.7701053375977
8fbe2ee446b97e128471be4ce983dc0d,0.806992765336904,148.5,119.83842565253025
4c8545742faaf58fafd5fd14d25d75cf,0.768578899049972,3020.0,2321.1082751309154
50a7e551a7b3f8d37cd6e32d8bfbe5ea,0.9491846982761601,140.0,132.8858577586624
9c57bc60cfad5ee62d35d3f1ce4593a1,0.8604583573416024,180.0,154.88250432148843
ca5832c6960267b71041f74bb39e8b12,0.8796917634781667,79.9,70.28737190190553
42d4b7e70819438f5ada61c965e92d7e,0.8424113296662405,49.6,41.78360195144553
fac1a9017ade7bdc94058fc1c969f355,0.6066142892439281,2010.84,1219.8042773832603
2528744c5ef5d955adc318720a94d2e7,0.8477994712322466,6245.0,5294.50769784538
a56a8043ebf66e42119618fb8cf232c6,0.89053327359988,83.0,73.91426170879004
916748bc99315c2d202898ae58b1617e,0.7682943109638769,369.39999999999986,283.807918470056
fe49ee029e61e789a1f3a5525f57ba8d,0.8099227627453652,2473.69,2003.4978389755825
8b655f0855926bcb49f5835d38dfddf6,0.8564620835606737,1089.5,933.115440039354
e59e575a175fadcadf8479e191770425,0.8776717916985675,199.9,175.44659116054365
112453736dbe3889cfb74e1aaa0ba0c1,0.8057630236229764,1890.0,1522.8921146474254
3c010235b7345c92f125d14ee232a76b,0.8433838539772734,3578.0,3017.6274295306844
e72b4feb7abe210c52aa667abc25a3a2,0.7502799680998626,38.2,28.660694781414755
7a91bf945c6fae0779f1c61ce97fe45c,0.9358463384912171,634.6,593.8880864065264
1b65c144b17e607c0f37f10bb7dfec8d,0.7876441068998686,1109.5,873.8911366054042
3d290fe363c60a77498c1126fd3fb8d3,0.8504751108507089,198.98000000000002,169.22753755707407
bb7a14e229b1c95156719c3d9552eeee,0.9314722410015582,2760.2000000000003,2571.049679612501
19d62d484cba71963c93f0f00ab42013,0.6974880870049677,139.9,97.57858337199498
82921991ff5b557b045605b8bbf08d49,0.8861780661664646,18.9,16.74876545054618
ec4608a1f76453166bb312b2968aeaf4,0.8667404462527621,968.81,839.7068117341385
747e73c01a4593d4cf60dcf970fd2689,0.9065826961774105,2217.99,2010.7913542945346
a4bd6e9adf39b63f43dc545d3ca1f53d,0.9344660147800935,1848.5900000000001,1727.4445302623333
f9ec7093df3a7b346b7bcf7864069ca3,0.6443853991080779,519.2,334.56489921691406
8603f0038fe0e52fedd3382d266723de,0.7700007563306162,2355.0,1813.351781158601
91f5779a8731baca4809fdeade81803f,0.8786332294995409,1971.46,1732.190266629165
e9e446d01bd10a97a8ffcfc4a3a20cb2,0.9075692914786235,51.15,46.42216925913159
777a0c55737f34ffeb78010f7542ab41,0.7137722573133951,452.5,322.9819464343113
fc6295add6f51a0936407ead70c1001d,0.8482510105675647,160.0,135.72016169081036
8fb791022c1fc8909664f48ab7dc636d,0.8523158444889546,8119.949999999999,6920.762041458086
8f78f0903005064036736c7173a5c2ed,0.820064777979562,2113.7000000000007,1733.3709212154008
8fd3b4468f6425810648177996c14cbd,0.8119935883715989,354.9,288.17652451308044
3d700782d7818f2c1e0d7a9e9d75fc00,0.7901378379857434,149.7,118.28363434646579
c97aa4ee7420f937da13b7f9e2228b99,0.8580635757239435,29.9,25.65610091414591
4bde6149c15cf7e177b36fa060dd6de8,0.8061757382314862,159.8,128.8268829693915
48e954b2da4f6a750c844173b347ed40,0.9431513279328453,397.8,375.18559825168586
7b1222c3624aa89b9558b50a2594188c,0.8059242653686918,10103.519999999997,8142.671933637882
ebef8d8c92b4fd3226e5d407bbff21ac,0.7189464270393914,253.70000000000002,182.3967085398936
5e063e85d44b0f5c3e6ec3131103a57e,0.58838300955977,22.9,13.47397091891873
5bba18b40e8c973b0f32e748004775b0,0.8496566039850576,739.98,628.728893816863
8b87cd0d43d49b9bdf40f56229364d59,0.9828517130459479,729.0,716.498898810496
fec6275253471ace26d209bbaa64cd0f,0.8463406754720004,2840.0,2403.6075183404814
abc015ebac1d283a323ca9db35ede4b9,0.8108257730594822,1106.8,897.4219656222349
788e857f317e53de488d393e65a80f45,0.6464443162487564,1210.0,782.1976226609953
c004e5ea15737026cecaee0447e00b75,0.9878387919053747,2350.0,2321.4211609776307
f8db351d8c4c4c22c6835c19a46f01b0,0.00034577043069200194,50082.60000000063,17.317082172175475
d91fb3b7d041e83b64a00a3edfb37e4f,0.005920318091986508,39926.39000000002,236.37692906470932
c092292535a57dacd95a8765f5518f87,0.7056784557406669,125.0,88.20980696758336
87142160b41353c4e5fca2360caf6f92,0.15189599685059638,31095.980000000072,4723.354880146219
c70c1b0d8ca86052f45a432a38b73958,0.10738860730323928,36289.14999999993,3897.041278718338
cb9fb4ca75d7ba8437480e8dde64fe98,0.997375460580758,532.1400000000001,530.7433775934446
ca3bd7cd9f149df75950150d010fe4a2,0.7019308167310451,9253.470000000001,6495.295754696224
71271995e85f5b8530be99ed54a91b89,0.9644309336560667,582.0,561.2988033878308
744dac408745240a2c2528fb1b6028f3,0.7957150302166587,22322.6,17762.428333514385
dbc22125167c298ef99da25668e1011f,0.0706359168553126,32829.12000000019,2318.9149907530937
eddd1991bd6d9309995a480c39b95137,0.9998345177480601,601.0,600.9005451665842
59fb871bf6f4522a87ba567b42dafecf,0.4790378037942428,21178.60000000002,10145.350031436761
058fd0aa2bfdb2274e05e1ae971dabb6,0.7391706462759894,7549.9,5580.664462319092
ffad1e7127fb622cb64a900751590acd,0.5855630835335345,884.3000000000001,517.8134347687046
0ebd97a106433a45a4aebe57c1799778,0.8377294172147355,3046.8000000000015,2552.393988369857
b410bdd36d5db7a65dcd42b7ead933b8,0.8575702909388894,7368.9,6319.349716899582
65febd49fd28ec955651299159b1f527,0.573219235712346,4136.709999999997,2371.2417445636174
52f976b17ea7f2f087f56dcc419328f6,0.9122650430549626,7630.0,6960.582278509364
a64e44665225d19dfc0277eeeaaccc57,0.543535454067626,335.0,182.08437711265472
20b54c376b794ed028df09a3cd88e8dc,0.9504554441824326,927.8699999999999,881.8990929935536
6e0908ef4d4efadbc3cc2b74ea477cb0,0.8743004384461258,589.45,515.3563934420689
6ddc28b61be28373b4503a1f61cf98a9,0.8214272906386384,1732.9000000000005,1423.4513519476968
57e632711dec9ec14ca7546769483e7e,0.7095265637908912,6350.059999999999,4505.536251665985
994f04b3718c2bab35c2adfa8afecd2a,0.7549619311765356,3289.800000000003,2483.6737611845692
232a6014e7b10cba61c6c2b2ea6bb4b0,0.7548305955982758,3819.9700000000016,2883.430230267547
36a968b544695394e4e9d7572688598f,0.2938150244760202,6864.469999999994,2016.8844210649047
c66dccfb3f109511246da627dd5a2498,0.794321187836324,12182.55,9676.857586875409
3e8bd881d92466e63ba9e3e809cd3c50,0.8745514553975916,1862.38,1628.7471395033667
3dc69bf2c42f0568a5c4791ec3fd3745,0.9785429208094363,150.0,146.78143812141545
f08c008c8a8d31417763738a1788a2a8,0.9205511744185684,1211.92,1115.6343793013514
33ab10be054370c254ddfcf0a6253422,0.8491383966218258,213.20000000000002,181.03630615977326
a37c340b91cb0169e8b029db6440fba2,0.9975470454713581,345.0,344.1537306876185
d8dd176509baa37f359644d082bf7f7b,0.8880389331241063,198.0,175.83170875857306
67225bff54a172ff67579aaf583efd78,0.9110184057983505,1238.0,1127.840786378358
76833248bbc0e65a0293ec62023e4396,0.8439040674437011,2399.98,2025.3528837835336
bbad7e518d7af88a0897397ffdca1979,0.5822352862031396,4426.320000000002,2577.159692026682
39d54ff918774174706fb065d7f9dc07,0.8426707054503173,1554.69,1310.0917190565538
26d8a1c7c75d513045798992ead43aa2,0.8806318068182383,5937.129999999996,5228.425519214763
8a8835a43bda99fd37310ad76c457510,0.7529382580821936,224.34,168.9141688181593
1eade46fba20122dc4aefb379f8c636b,0.6708331568697046,3635.369999999995,2438.7267334894145
710e3548e02bc1d2831dfc4f1b5b14d4,0.6051561734495715,22369.25000000004,13536.889732936852
2089a6d640999f9b9141ac719b2af596,0.7386891062695865,7676.019999999997,5670.192353507469
d06d019f72a04e5497a0b64190af170c,0.7813825975618436,2415.93,1887.7656589275846
acadd4d36859671cb635527c6c977533,0.9209229916868491,2381.0,2192.7176432063875
7139dc5186aa238b006e066d8fbab2e4,0.7599173189514257,1712.0,1300.9784500448407
ef990a83bbea832f36ebe81376335aa8,0.8106921662939935,4642.59,3763.7113443148314
e5a38146df062edaf55c38afa99e42dc,0.3632031809170174,15270.890000000003,5546.435823433873
f181738b150df1f37cb0bd72e705b193,0.7614137731481995,5529.700000000001,4210.389741377599
6338ea67c41078a46ad99cc009654956,0.8375573566809102,2286.090000000001,1914.731497534663
51e0557bc7b86de13e946c60ee91ce39,0.8708219003838612,45.8,39.88364303758084
9e7c5f4d7770eab65738cca38f9efccf,0.7463616531349284,184.8,137.92763349933477
820cc752a266cdc6c1a1e61dd4583330,0.9139882779504978,2802.8000000000006,2561.7263454396557
b33aaadd1a8891d2dfef0c4c3bdf0371,0.7887447492565676,1504.0,1186.2721028818776
6ec1a01e866584bb679eb9b098345919,0.7746073672174671,3998.909999999998,3097.5851468396
dd88d13bea9e4c2bf47daf224f8141e5,0.8978773719369677,458.0,411.2278363471312
b3b17aab11f273023a5f22ca52e1eb70,0.8976437988495203,6850.0,6148.860022119214
ccb83a794700270fde70898fe9ff368b,0.8991826021867215,11062.0,9946.757945389514
191d55f7edb8524d525ed01b20fe32e8,0.9260475443318519,747.0,691.7575156158933
2d20f1cd18725c91147da0791d498022,0.877508451194546,99.8,87.57534342921569
ade45994b717ccee333492330fbf037b,0.8773246984787129,7196.0,6313.228530252818
3dbbce181edfaa4a597ec858c382d2ec,0.8853336086940286,848.2999999999998,751.0285002551443
1099a00e0ee3a50935e6c2447ca090c5,0.8759166742962786,849.6999999999999,744.2663981495479
269c5fc9fcadee614364c3620c30a1f9,0.8441050048556721,209.6,176.92440901774887
512d298ac2a96d1931b6bd30aa21f61d,0.9005198538782265,7401.939999999997,6665.593927215397
d566c37fa119d5e66c4e9052e83ee4ea,0.4321871627203016,5145.699999999996,2223.9054832098545
244c2f1bff6afe1f2eaf9bfe9b2aed38,0.8104402408590716,2580.0,2090.935821416405
9dd59e43f0c9f0553244e8f9c2fb247e,0.883962187829502,356.3,314.95572752365155
ef30892870c278497523264be1be2241,0.8485617552438145,783.2000000000002,664.5935667069557
cc5a78bbad32776dc4e3af205218368c,0.7278201445825804,4269.179999999999,3107.1952048490602
1ce3ae5a399804d1a87e706f8a813c3e,0.8236959351517327,2563.0000000000014,2111.132681793892
8c5e007d7bd5693fa1386ffefbc99f6c,0.796026921080011,1029.1099999999997,819.1992647526499
b9c0ffa92f3ff9a5a3d45ef7213c0842,0.8438288058875372,490.0,413.4761148848932
45c20d94d9171b0bcfab3c955e47d67b,0.7514295561366664,129.46,97.28007033745284
7c4618c82226628831613e95e9c22f44,0.8374835349918006,333.93,279.660876839812
f44b6f775a2b390380e0e30b5c9d3eee,0.8724469956945861,2930.0,2556.269697385137
091065b789659bc3cd9af9cb3a6253ff,0.9269045997580647,1359.0,1259.66335107121
ab3e0c171fe84a7ba7de130f19cfb485,0.9375435351532574,623.45,584.5115169912983
a0d7fbb07bb5ebc3b05980e750db56f3,0.8462441691105465,848.99,718.4528371331628
9535a841eecebed61a9fb1ac1cbb5597,0.9290319811941993,784.9,729.197202039327
b05b432bf68945d4d9783f9e3ca29ee8,0.809427313799283,224.8,181.95926014207882
c0aff2da32c17759d30b22fb0af6649d,0.8061920685118713,188.8,152.2090625350413
6bbcb8924baf70b7fe2fe2097e8cd407,0.8611066607978307,2382.5,2051.586619350832
c157bdeedcbc9a8e3c8bf0d87ff24428,0.8064409441762637,514.2699999999999,414.728384361527
84c945f15571830c1a91a33978e94009,0.8160230255281784,51.98,42.41687686695471
bbaff50f3b708fda865918715276cd87,0.8187744223224401,449.7,368.20285771840133
750303a20e9c56b2a6bc45cdce0b897d,0.8232703266808072,7875.999999999997,6484.077092938036
3ea00e1dea2b0659dbaf654735929220,0.9219822839205598,505.0,465.6010533798827
34a557286ead8fe75c989e0afcf7d98c,0.8055511719418376,414.9,334.22318123866836
d6ab728cf30867cf3f1a2e216ae2f9b7,0.8236754848045827,2002.0,1648.9983205787746
67bf6941ba2f1fa1d02c375766bc3e53,0.884587099138988,5062.0,4477.779895841558
6b3bd31ad8fcda4b2635ec9f3ff2ecdf,0.7682534347958463,4063.9000000000015,3122.105133666841
e8f6dc8e6a1dcde89d20e3995c8d90b3,0.7184791531915636,2148.740000000001,1543.8248956288412
ce616e1913288884e7742faac9d981db,0.7501483413774005,333.30000000000007,250.02444218108764
901b460cdce0c64e471230d7f2f9f3a3,0.8588052809078054,1904.0,1635.1652548484615
455befea1bb853c75ccbca94cff26e5c,0.6609528928253662,19.99,13.212448327579068
5de1c80811ce7007f62f00d971236c09,0.8607618563305647,76.8,66.10651056618737
7f2617c58d5d06806987308b45654351,0.828359579108179,3656.800000000001,3029.14530888279
2745f798279e0ed033addcc1474776d7,0.8071543983272591,3668.530000000001,2961.0701248955006
7a704e63bb29c446869efde5d57524c8,0.893711172041502,94.49,84.44676864620152
4d0041cdbe51b4617d95c70b19decc74,0.7337827795115048,5235.2,3841.49960729863
4a5b36211b1f51bf7eaa5c10a57fa483,0.8782686958603135,139.19,122.24621977679703
d0d70d21e2234dd7cd3cf63fe414148a,0.83326521944369,598.4,498.6259073151041
e5899683388855d3dabe8913bbe365de,0.8452675532170351,452.88,382.80476950093083
1c5e4e49b9079480255b49d50aac1aa9,0.7468316484949077,10173.11,7597.60051162003
3e51f9cbe317bc3a88f2c76583811ee4,0.8111878339265154,76.09,61.723282283468556
c84592044b180dec206770c38603814b,0.5248676957977516,491.94000000000005,258.20341427074595
bb5bd94c8f59cc050072d2930c869cac,0.6993546357419457,2543.8700000000003,1779.0672772248636
5b97c06a046398e7005b2b7c0d707a92,0.9726164281140032,1139.97,1108.7535495571203
ec21206b7894c503788a684a7bc822a6,0.9962234293304756,75.0,74.71675719978568
44ed138eca6214d572ce1d813fb0049b,0.5401918196045873,129.79,70.11149626647938
28d162ab86bb49d719c32f0ee6186eaa,0.8589456707130054,109.99,94.47543432172347
8476243f92442881ddd5b578975cf115,0.4795051396028832,7838.0,3758.3612842073985
9d489893ff6af05029671b785f54b998,0.7770555495776235,298.7,232.10649265883612
32f83ffe11cd40f7adcf4eef171f52d9,0.8703609430690534,29.99,26.102124682640913
d594982fd877af63ace38ea1fca27c76,0.6385510216534501,217.04,138.59111373966482
f0e103c63864d5405b958d984b6e94c9,0.748895018447934,951.6999999999999,712.7233890568988
dd8a29ce82d5c705ba932d81494600a5,0.8383629464701152,205.75,172.49317623622622
1cd9e0cc1839d55516843def5600816d,0.7422927443949099,825.0,612.3915141258007
1703bc09972dab9782e7a9194943b69f,0.8927348713502308,249.9,223.09444435042266
79a679c36c08d606b3fd47ead9de109b,0.9485294343795829,935.0,886.8750211449101
3ca08eeb8d5595949fed424bd3677742,0.9118029865067361,1688.8800000000003,1539.9258278514967
13dd308f81fea30cc670c656b2b46cc3,0.8069020820860627,117.69999999999999,94.97237506152958
51a04a8a6bdcb23deccc82b0b80742cf,0.8641449776629944,167.99,145.16771479760644
8b11118053756a9a2932f447e11fc1b5,0.8399673409651865,79.99,67.18898760380527
73da1880b39c71de2b262bc7720c1494,0.8170027962250602,398.0,325.167112897574
c716e0b86ed568878475b60fbb6323ad,0.8757602353229573,35.0,30.651608236303506
10ff823eda2b032e2c93d17a7d294736,0.8469343897748397,1144.98,969.722937604396
bcd2d7510d58e293f20fad6438c1b314,0.9220477714786756,23.9,22.036941738340346
d6cd01c59123df02fc226eadbadb5f89,0.9941076907232063,69.9,69.48812758155212
5f7300535881cef3b625fd683cf7d145,0.8070370092289925,665.9799999999999,537.4705074063244
010543a62bd80aa422851e79a3bc7540,0.8551524383815367,1416.0,1210.895852748256
4dbd95a08b31ede5c82d3f861cb1ce1a,0.9870051760372677,370.78,365.9617791710981
13d95f0f6f73943d4ceffad0fc2cd32c,0.8994561418529331,249.99,224.85504090181476
cd52a8efd71af3336b14b5039b951cc1,0.9578098121536637,111.8,107.0831369987796
f0837c8d71434931d9e38e7b79234797,0.8475856135343769,3446.9,2921.5428512916437
57df9869a600bd6b7c405f2a862eccfb,0.7884773742793854,125.0,98.55967178492317
0b1ca3ef18a63d7eb0c8897fa0849c08,0.5885299328611576,55.0,32.36914630736367
2ef086a599b597572aca4433b7ed6b3d,0.8567759232910521,49.0,41.98202024126155
6a51fc556dab5f766ced6fbc860bc613,0.8341899394824697,7217.869999999996,6021.07453849233
76c47a299e4a8fe992316a85865acbe9,0.8028732240031599,1024.46,822.5115030622771
11eac105f3f90a9b87b19c89d91e24f3,0.8629597940216712,802.89,692.8617890220596
b9ca8e8baa5d4aa038394a700f63e69f,0.64897953261082,1289.7700000000002,837.0343317754574
955fee9216a65b617aa5c0531780ce60,4.5066928295497564e-07,131836.70999999918,0.059414755562842696
17e34d8224d27a541263c4c64b11a56b,0.20185643011987844,54440.28,10989.120575526616
41ab63a91b8b264e8c8780368bf1dd5b,0.8796067355353513,2571.95,2262.3045434601468
9f505651f4a6abe901a56cdc21508025,0.031634839121152086,25912.84000000013,819.7485245721588
701938c450705b8ae65fc923b70f35c7,0.6964745623833284,11879.289999999983,8273.623304174636
b01c2b7b8599b325103ebcddc67413e1,0.8657621498004535,169.45000000000002,146.70339628368686
33cbbec1e7e1044aaf11d152172c776f,0.7680863216763639,730.6699999999998,561.2176326592687
58f1a6197ed863543e0136bdedb3fce2,0.6219124177988479,6833.0,4249.527550819527
e5a3438891c0bfdb9394643f95273d8e,0.23387212528031212,7549.96000000002,1765.72519098135
eeb6de78f79159600292e314a77cbd18,0.9154672657136534,43510.840000000004,39832.74972370426
fa1c13f2614d7b5c4749cbc52fecda94,0.051414815193306165,190917.1399999985,9815.969470334483
f4aba7c0bca51484c30ab7bdc34bcdd1,0.5117686437479563,2951.9,1510.689859479592
cab85505710c7cb9b720bceb52b01cee,0.27542192039258784,11124.599999999957,3063.958695599371
55029529919c0123526150bd26ca8f20,0.8861651988895284,453.95,402.2746920359014
e99e927c81e3f51739c94fcdfca9f10f,0.9243366614471135,2597.85,2401.2879959403836
a416b6a846a11724393025641d4edd5e,0.4502100831167841,24930.240000000005,11223.845422521379
c9c7905cffc4ef9ff9f113554423e671,0.3099307702512822,10657.179999999988,3302.9880061065555
0dd184061fb0eaa7ca37932c68ab91c5,0.2894496543925235,18446.92,5339.454618606529
b76dba6c951ab00dc4edf0a1aa88037e,0.3950430241498958,2545.309999999996,1005.5069597989695
fad44952713764836814be105382aee5,0.8055528432088825,5129.0,4131.680532818358
845e8036c3f7bf62099352f5ed910240,0.43230194694008367,1584.6000000000004,685.0256651212568
70a12e78e608ac31179aea7f8422044b,0.05134610671005442,29963.53000000001,1538.5106087899173
3d2531eccfbde1d7c8db7a3a12fb267a,0.6720200563728217,1999.5400000000002,1343.730983519712
282c7480173bb9c01dd41cc739fec010,0.810780568214255,4274.2,3465.438304661369
ad273c9eb54ecb4532de4bf75bae9e4e,0.8338371121442046,645.0,537.824937333012
f7ba60f8c3f99e7ee4042fdef03b70c4,0.40576596447122015,68070.0,27620.489201555956
fc906263ca5083d09dce42fe02247800,0.6099376377457351,4417.900000000004,2694.6434897968857
78c99c6dff4eeae5be99bf635ed21e3f,0.8045436561490441,2030.880000000001,1633.9316203999715
b7ed9fb14c8eadb37adb9c45d67ab0fb,0.8020070782292144,566.0,453.9360062777353
d379f449f2a3b271bc01c0782020f705,0.8878387439919958,4423.0599999999995,3926.9640350012364
670c26e0f1bf8d0576271d5cfaec6d2b,0.7886644197108365,6250.099999999997,4929.231489634696
054694fa03fe82cec4b7551487331d74,0.8209619202587207,8286.1,6802.572567455786
8d956fec2e4337affcb520f56fd8cbfd,0.1450035306057931,10988.19999999997,1593.3277950025713
44073f8b7e41514de3b7815dd0237f4f,0.48435378464357387,18380.639999999992,8902.732548171056
adbc26658d6c7b4b6219f9d934598091,0.7152804505836581,11806.399999999992,8444.887111770895
d4910f1cdcfdabd48d6b316e395d4a23,0.7739041700593079,1146.8799999999999,887.5752145576189
4d6d651bd7684af3fffabd5f08d12e5a,0.07508493047310434,42999.00000000023,3228.576925413031
951e8cef368f09bb3f3d03c00ca4702c,0.534508508868662,3993.309999999992,2134.4581735503125
dbd66278cbfe1aa1000f90a217ca4695,0.6236422947462504,4928.899999999999,3073.870506574793
f62d7bb4a613ec758a03342d46b580b2,0.830120661450092,24665.0,20474.92611466652
66e0557ecc2b4dbea057e93f215f68d8,0.8434174726257864,12141.0,10239.931535149672
e62b2d6ac10570a035a30bafcf01d263,0.4716528053238976,5340.389999999998,2518.8099250236883
d9bd94811c3338dceb4181f3dbc0c73e,0.5777672094358081,6911.019999999998,3992.9607397550567
38af8acfd46ac4a7bf754e8ca6736664,0.8839982684749653,345.0,304.97940262386305
768a86e36ad6aae3d03ee3c6433d61df,0.7376904398741077,587.46,433.3636258084433
fac35d150712afb921ec59ac5f39bb11,0.7236018361760168,696.0,503.6268779785077
6b243f80ed07b10f0e8aa0f21a205f3c,0.7815003542751983,6260.099999999993,4892.2703677981635
c273175f7c6c80fb02f051e2fc6d0d72,0.8111737249278863,1188.23,963.8609551710624
fe8055980a4ff7f64ed889c2b5926929,0.8976856282255558,196.70000000000002,176.57476307196683
712e6ed8aa4aa1fa65dab41fed5737e4,0.8550220446202772,39385.0,33675.04322736962
c0563dd588b775f2e37747ef6ad6c92c,0.8539755569517378,3697.2000000000016,3157.3184291619664
cce6ab8d1682639fe45ab70234f1665f,0.6150923545552358,2442.700000000001,1502.4860944720751
9b1585752613ec342d03bbab9997ec48,0.6661037506109228,4248.98,2830.261514270798
8648b1e89e9b349e32d3741b30ec737e,0.4292327711648862,7228.749999999997,3102.8163945581696
6861de0f40cacb0602e473c51639f980,0.8885880764807614,674.0,598.9083635480332
5f0057b677eb963672bf05dfa3f16c34,0.9163448016756338,213.88000000000002,195.9878261823846
33a6f4b1e7cdc205511e76ba1b6e0186,0.4299199896469662,10295.009999999984,4426.030592615407
aae3bfea055532c57fb453ed3ec80b30,0.739591938187647,3057.9199999999987,2261.6129796227688
5670f4db5b62c43d542e1b2d56b0cf7c,0.7171031413666573,6630.089999999999,4754.45836654366
6650fcccd8cd2f7e55ffa524f30c4c59,0.9794322458501011,339.8,332.8110771398644
6bb66d9870c2e01c05655c7ed0e7ee13,0.9976124524031522,269.0,268.35774969644797
626ab1cd96932367f0eeec2e47046c12,0.9148267444277731,1310.0,1198.4230352003829
1588ac4010787100dddef64568f0ae35,0.901157775531568,599.97,540.6676305856748
02d35243ea2e497335cd0f076b45675d,0.9037930224677709,5794.0,5236.576772178265
7a241947449cc45dbfda4f9d0798d9d0,0.7918932539427128,7434.659999999997,5887.457099357727
bafc5aa11e413978be29040f51342e70,0.8994724544816736,1679.5500000000002,1510.708960924695
48fb026ed7455a42f5d3e9390ed5088e,0.938609505702505,489.73,459.6652332276878
ececbfcff9804a2d6b40f589df8eef2b,0.4597289992555736,6714.149999999996,3086.6894603518076
3bfba5a77604f6dfae7e6dd7aaf65821,0.8718443261784159,2095.5000000000005,1826.949785506871
1e483cc5c76fef08d3ca05f9a8af7d01,0.7633050111031048,166.09,126.77732929411468
0aa2205ca24f113f4658a5c536667426,0.8575756953072984,815.62,699.4558886065387
e5d4b2b0c3bca22085f7a19a28de0c42,0.8150303484304494,205.8,167.7332457069865
73b8eb4a9a729d4019b24ed1be748cbf,0.8626197460127809,568.9,490.744373506671
1a3df491d1c4f1589fc2b934ada68bf2,0.4465902924932701,22472.400000000038,10035.955689025779
7fdb0720c8d7c9075538b365dc8c3a22,0.8541802669503191,1804.0,1540.9412015783757
ed9eef5be0992d413d251fadba1a410d,0.8451469354875016,404.0999999999999,341.52387663049933
e7f3bf1ecd8526eb7f3b18059e6716e5,0.8395520537194203,1382.0400000000002,1160.2945203223878
3ab971ce71839580d2ae5b4e40fe8044,0.472981040171627,4917.0,2325.64777452389
5f06030071324cc52bf0304014ac7234,0.7448645870726203,783.96,583.9440416814514
891071be6ba827b591264c90c2ae8a63,0.5875405681656108,3763.349999999995,2211.120797206049
06532f10282704ef4c69168b914b77be,0.9745480985089914,9827.95,9577.809984741443
59bbc819b99a733f02f0d6b49d1c253d,0.5967243353905379,139.8,83.42206208759721
88cd3681e0a2ba85e190f7d817629c4c,0.8044915005673455,180.0,144.8084701021222
101a3a003516bc11253298b2fad3cb65,0.7564380483136106,450.0,340.39712174112475
cb8bcce248bb1fb274ba762d8b971456,0.8609658149115799,9152.399999999989,7879.903524396734
4dab98ca6cd6d3df586203cefd28a042,0.8819375767502055,154.9,136.61213063860683
655220df33262c7e0c4949a147366f94,0.8576346746848296,2245.0,1925.3898446674423
5d3bb11474a06bdc23fb9e89f1164ee0,0.612138164143759,3654.6000000000026,2237.1201346797834
56642bcb79900e777d68e91915cb4267,0.6355293686821721,3657.6399999999994,2324.5376400666596
e2a1ac9bf33e5549a2a4f834e70df2f8,0.8796932655827135,14999.449999999999,13194.915152444632
9c3c24eca51c52b91c1de727d2a2ae06,0.8732754941778492,307.5,268.53221445968865
ae45df84722b1d15c5f32b23a095746c,0.5645828473289584,901.83,509.15774920667457
643c01d7c56a724bec0454f4780e8a3e,0.9474742066832346,205.55,194.75332318373887
6da1992f915d77be95d7fa48b36904af,0.997472238180246,261.0,260.3402541650442
bd149ed516d4c5d418d5781f8e18919f,0.8356071782055904,414.0,345.9413717771144
dfc5fb7259bb2b599ca565e6e9448f0f,0.8965869256870285,6124.629999999997,5491.263182670543
079d295dcbf06ee8bb1b65ba964eb2b6,0.7240986114937622,349.3,252.92764499477116
1d0646a72178a6fb37ee8082140e06ec,0.7516759932575462,61.0,45.852235588710315
918f6fbcf3ab724d805867303e593a1b,0.7914424067991626,79.69999999999999,63.077959821893245
3d5d0dc7073a299e31fa718ce1bc00b6,0.6840133317722497,674.7999999999998,461.57219627991395
822166ed1e47908f7cfb49946d03c726,0.6153604256509496,3714.829999999998,2285.959370020916
8fe8786ee000001ab51d030dfd4a7bf1,0.9057334708540027,2255.0,2042.4289767757762
20611af7866c6068fd5ae1f9dbe15c92,0.7905985154687661,219.8,173.7735537000348
cad9969167c09b48ae6f1d123f7fa68d,0.9914217795679152,24.0,23.794122709629967
c2bda99904207edd1834f03e0022b007,0.9867946234710671,39.9,39.373105476495574
be3b4b0f050a6aa1b2d901c4b77e979f,0.7129016393870988,578.1999999999998,412.19972789362043
6e386f64c84e482f0b9abf960797ee1b,0.8092360980575584,12209.300000000001,9880.206292014149
d57e18d5f73c7ccb7f7339b61166898d,0.6099092603631161,3187.7000000000035,1944.2077492595074
02ecc2a19303f05e59ce133fd923fff7,0.7650598706001923,5264.190000000001,4027.4205202148273
fc0b214b59a83615fea981c6424a02ae,0.8817207074385187,159.9,140.98714111941914
e9b6c33b71b67737693b4cfa68341c8d,0.8183457623332506,119.9,98.11965690375675
ef728fa1f17436c91ed1ccd03dcf9631,0.8362213130193822,128.70000000000002,107.6216829855945
55dedd83e501d8248880557d9073cbfd,0.8437920405624273,1055.3,890.4537404055295
3f995f07c49d0d55a99d5c54957f7d81,0.7475448471684928,3955.7000000000003,2957.0631519444073
1dc2de47ee26a0a5b12dc14fd6dc0dea,0.6875329919324431,1670.3000000000006,1148.3863564247602
299c89a525fee36c567f4fe72f038100,0.9729069121419425,189.0,183.87940639482713
b19c48688808720822399ffa9f2dbe2f,0.8428058232965051,959.99,809.0851623064119
b7ba853e9551f4558440881fd3e5c815,0.9970149559055379,136.9,136.49134746346814
a213f1bd6458f4a158f3746cb2514559,0.838161354943855,41.52,34.800459457268865
e644cbadf7eeb30d0d29f335ce7d52ec,0.8755140010322476,768.91,673.1914705337055
7354220fb240bde543b3c40c060d41e7,0.8803621217748634,672.0,591.6033458327082
de0c78824586e9a5f5f04fd84e25df39,0.770841315077356,2489.3,1918.8552856220624
1d2732ef8321502ee8488e8bed1ab8cd,0.8861816266442809,1148.0,1017.3365073876345
37dd29b36c458d82f74a953c40c43645,0.8984647353172076,4536.99,4076.3255194868175
f410c8873029fcc3809b9df6d0b28914,0.8394855066292187,289.8,243.2828998211476
c64a2aec32cc408a8a4c6d7c46017f91,0.9291805027264242,3221.5,2993.3549895331753
1e47d8b6546eb3a77b1acddcc9406242,0.8401448705561348,149.9,125.93771609636462
21c62b998a043ebe31161d38f84929fc,0.9031466472422509,750.49,677.8025272888369
2a73cba571d90c694b7caca072ccf6ce,0.8486951423051896,342.78,290.9157208793729
ac51cac5e20d69ff485a54746488ef48,0.9895371960929037,700.0,692.6760372650326
33cbda8716511e27e556dff9d8418bf2,0.6379920858160675,507.4,323.71718434307263
f1b93673502375d491780bb49d615dbc,0.6957744646226369,2638.93,1836.1001079266152
0d83f8e03188682112cc0d93523705cc,0.8985070077926975,696.26,625.5944892457436
2cb6eb1b7185064167657fa09f541105,0.7052418283297363,1217.9,858.9140227227858
3fe7120d6257285ac6a3ce7cb071ccec,0.8695397138509756,199.98,173.8905519759181
5795aebfe331fbcd02a2c4b679fb7952,0.7847400934362968,1280.0,1004.4673195984599
e560e4022d8f7aebf155db95946c5c0f,0.9264186724425871,780.0,722.606564505218
35fb511489d9ee3ee27a76debce9df06,0.8504263381041681,414.5,352.5017171441777
f00f5b35d0abcacbdd863672f4bb2c1a,0.848588859949731,299.0,253.72806912496958
262237171f48e85819065498cac80d7b,0.8913437692863054,598.9999999999999,533.9149178024968
e1bed63d68ac36fe1f3061befe196af5,0.8894511924035615,199.0,177.00078728830874
91543f9849d68d023e17194926598543,0.8831315955036529,834.0,736.5317506500465
02b72cdeb9cfcc429f1af6f4e3f3b737,0.877921172294285,522.65,458.84550069960807
2dcf93836ae3ce0d7c93e2f10876467a,0.7898224222550433,1443.8000000000004,1140.3456132518318
9ac75591b69c3402684b6ce0310f22ee,0.8181788149793122,60.5,49.499818306248386
392f7f2c797e4dc077e4311bde2ab8ce,0.9044790983106499,52.0,47.03291311215379
5741dc2bf5044c34d0698681c5081bed,0.8403808463185076,89.69999999999999,75.38216191477012
538caafddff204241cecbf3a02e6b3cf,0.9332206784145771,128.4,119.82553510843171
94d76e96eedd976258cd3278ce56d5f2,0.6709120130698026,385.61,258.7103813598466
b9a03475e6447e631b6799ec8274800f,0.8641035536429618,1349.1000000000001,1165.7621042197197
0d4c8269e7f0401201794deef160edd6,0.8388429692636087,792.64,664.9004911571068
e4f121bf6ef8b9a1d4d3e65dd0473fab,0.7449167831190067,70.0,52.14417481833047
3d2400ac620cffa23ac81bd192f7f555,0.840030869735769,105.0,88.20324132225575
15b3b1b81484422eb41df68ac87f1f50,0.9785005578942263,43.35,42.41799918471471
52562a9f449c3dc3d53f5f5b9ed74903,0.8542791156255096,3266.600000000001,2790.5881591022903
74a9b9bddf14ece02beb81f52c41a88d,0.8288257497447388,95.0,78.73844622575018
d9c349beabc06aa6ff1c6d68b5e9e22e,0.7346834978533461,168.1,123.50029598914747
c458e2045a8aa8964f8879af03fdcce6,0.8352131727943123,494.91,413.35535134763313
c74f14c1e26cf1bd5bd34b6a1e274426,0.907583979611541,39.0,35.395775204850096
a2a41aedb70551d4a85aa04dc2fced48,0.8379708155163994,52.79,44.236479351110724
615c3462099ffa940d37b17dfda19594,0.8527941644425667,229.0,195.28986365734778
d558ebe531605a1285ab2b1bc3256dfb,0.9154032016487655,709.0,649.0208699689748
2d518637f53161b973e01f56ea4bb88e,0.8397496707625374,1219.8899999999999,1024.4022258665116
a17f621c590ea0fab3d5d883e1630ec6,0.7618629678776188,2677.919999999998,2040.2080789388312
d4e12e7884759a14fa0f5f896c791cae,0.67402476541821,1399.9999999999995,943.6346715854937
08ad4ac1388e4420ca531c3edfc46198,0.7831847595352682,221.61999999999998,173.56940640820613
c68fb906c8f4b4b946d8386bfa6e5467,0.5973574450261496,4541.160000000003,2712.695735054951
33a17d60c64393351ebf1ef860f4e0f2,0.8183449415260438,8152.480000000001,6671.540768892242
12b9676b00f60f3b700e83af21824c0e,0.7693659842416334,26376.0,20292.797200357323
7a67c85e85bb2ce8582c35f2203ad736,9.217070043772333e-06,139658.6900000019,1.2872439279515042
640e21a7d01df7614a3b4923e990d40c,0.4149015871539796,7528.890000000009,3123.7484105077297
392353362d22cc2c236e1ee81ff19890,0.7779590818135648,288.70000000000005,224.59678691957618
8a130737016f838139d31878787a39c9,0.7925977051434473,4222.03,3346.3712890467887
0241d4d5d36f10f80c644447315af0bd,0.3531907389562513,31397.700000000103,11089.376864526728
dc317f341ab0e22f39acbd9dbf9b4a1f,0.887932848862641,18988.399999999998,16860.42410734337
4c8b8048e33af2bf94f2eb547746a916,0.8476613067644392,1882.4500000000007,1595.6800269187192
6c99c983ce3b6ba0ab813e6790e81691,0.7576615659421035,546.75,414.2514611788451
0ec28cec4046a4a199b6de9b4c891d97,0.8761716346606621,296.6,259.8725068403524
25cf099de44674fde97473224f9d59ab,0.7301752953729793,1654.36,1207.972801653242
fcb5ace8bcc92f75707dc0f01a27d269,0.656736234179718,8009.3499999999985,5260.030357227324
0daf5180aa44356f60f8effa533b55a2,0.900218036133147,144.8,130.3515716320797
f84a00e60c73a49e7e851c9bdca3a5bb,0.6368451212776685,5849.24,3725.0599571821895
34f563c82a85b99ae9e6d60db5fc2e28,0.57306875028115,2332.3,1336.5682462807263
ce3ad9de960102d0677a81f5d0bb7b2d,0.9104469467448867,158.0,143.8506175856921
7681ef142fd2c19048da7430856b5588,0.7946730060677857,31211.809999999998,24803.18287751657
4aba391bc3b88717ce08eb11e44937b2,0.9264231907614788,7286.879999999999,6750.734620296004
403aa86912527d730337ffcb0fb096ab,0.8111590466536118,8959.89,7267.89583052123
a2b5b6105ea5942300631d2e76f4ffe0,0.7779712355673675,3286.69,2556.950280226911
2075d8cd4dd63ff12df0749a5866bb06,0.8232597983040412,184.70000000000002,152.05608474675643
19a7c9f66ffa6452ff4b4c0cca71da27,0.8991161592449258,279.0,250.8534084293343
d12c926d74ceff0a90a21184466ce161,0.49599555878849017,3850.2800000000034,1909.7217800921496
7813ea3ebd9411dc600b4dd01f7a97b9,0.8472042582718936,1599.4,1355.0184906800666
579891617139df7d8671d373f0669622,0.876939504644433,280.3,245.8061431518346
834f8533b2ecb6598dd004ff3de7203a,0.7355923620299726,4324.35,3180.9588307443123
827f8f69dfa529c561901c4f2e0f332f,0.6291730589976381,3408.390000000006,2144.4671625569636
40d54b51e962dbe09cabbcfd33298dee,0.7572604925019983,6785.5599999999995,5138.4365075018595
52956b80ae65fda598f06f6b9943e7a9,0.8945970102440879,792.0,708.5208321133176
74c7dec0a384d8a05950e629bd23bde9,0.8598614611268058,97.77999999999999,84.07725366897907
1bb3812d5f0747a3ab7348f199001a10,0.8463346832113675,834.4,706.1816596715651
325f3178fb58e2a9778334621eecdbf9,0.6899408283110121,981.6999999999994,677.3149111529201
b6dc74ed30f124f95227bed4e43a3bed,0.9534887827250776,387.56,369.5341126329311
972d0f9cf61b499a4812cf0bfa3ad3c4,0.6348449735994154,7910.419999999995,5021.890376060284
e96498ed8daaa3e9c23f7a62da76591c,0.7980693059137899,9619.089999999995,7676.700479822273
1f1bb1f0859883505541bdd6606193e5,0.7969863735434166,16040.839999999998,12784.330900190178
ce69a8021d18961dd2a40269b7c2c293,0.8615264566116867,4817.999999999998,4150.834467955105
0be8ff43f22e456b4e0371b2245e4d01,0.393614374828393,11335.999999999965,4462.012553054649
81a1104df0f08b59c68aa5b03cfe398e,0.9058234935449805,9320.979999999985,8443.162666862878
ad87df7699e83b8a91822a4a0b765c3a,0.9272116955791206,309.9,287.3429044599695
1b4c3a6f53068f0b6944d2d005c9fc89,0.5424047937352834,14420.499999999978,7821.7483280596425
05f51e13da97139648b8125c31e5f51b,0.890150318190986,13100.309999999987,11661.245114900545
ec933281fb017b5020d06df29c3f77e8,0.8735832478097051,1432.0,1250.9712108634976
67883baaae6134ee81b271a542613728,0.8148910788758438,8167.9,6655.948843150004
bf00385a5f7fc1ef39a13c2e9ee50a5f,0.46441490910527944,855.3999999999996,397.26051324865585
ce248b21cb2adc36282ede306b7660e5,0.7259058998947846,13560.189999999991,9843.421924694252
bc47d5d1490df2b36add65d733eafaba,0.9072204312097778,929.8,843.5335569388513
29fe9f200d3fa0c668d2aa1ec7e08dfb,0.9116507740582327,400.0,364.6603096232931
4200ddf1967c5e41e48db62bc6d4b5ac,0.6929022635141675,734.7999999999995,509.14458323020995
5160d23075764e18e07c1f4a87fad743,0.8107138942078881,2359.0,1912.474076436408
bb7ad8a45c027be8ab075b8e465f8ca0,0.8006878922685641,19.98,15.997744087525911
e627629ba868740e287800f1a9be81c2,0.9127427028411976,337.1,307.68556512776775
63a79f5a7eb5cb48a7e5787b141c7993,0.8643303568208024,815.0999999999999,704.5156738446359
17306570e772e7718c92a562d33f5f1d,0.7716135387781093,8639.999999999995,6666.740975042861
49383af7ab774e4e8f3000f49c83dc4b,0.7334129940385297,660.0,484.0525760654296
431050a06a317f2b38168dec3dcd2b46,0.894803950169561,1370.0,1225.8814117322986
7d294cf9a6a69dc6a0c3e540fff0e039,0.9076389008075183,257.25,233.4901072327341
f97e2b0650c2068227e1d366140eb62f,0.7543963120103121,3654.0,2756.5641240856803
411f3b52d857390502ee4e4d5ceabc2d,0.6374058254923013,1804.0099999999998,1149.8864832463662
e601b04acf48b4576e73ddca9481f0dc,0.5732910944940194,491.93999999999994,282.02482102538784
e6a69c4a27dfdd98ffe5aa757ad744bc,0.862429767142878,508.5099999999999,438.5541608898248
0176f73cc1195f367f7b32db1e5b3aa8,0.6895215331910856,4643.200000000001,3201.586382912849
9dd459b29a14bf89d47183cf2cd0e4c7,0.8392056785860132,180.0,151.0570221454824
4be6b962d83299498bae2190f95d6566,0.8396459003760809,508.79999999999995,427.2118341113499
9616352088dcf83a7c06637f4ebf1c80,0.7582158264986184,5643.099999999995,4278.68773051435
75fbb52eda0cbc24f479d3b2fbfa8d3e,0.8759576520072514,1094.1899999999996,958.464103249814
412a4720f3e9431b4afa1476a1acddbe,0.7858454127939566,2058.0999999999995,1617.3484440712416
33dd941c27854f7625b968cc6195a552,0.8078512100214356,6787.5,5483.290088020494
cb5df0dcb9e280b1780e9d589889f2c7,0.9160869848757807,1614.88,1479.3705501362008
89ad3263c0931c47f976d7c5778e60f6,0.8749247451821937,568.2,497.13224021252245
b8a0adc91af209270c2c725168eb00fd,0.7375709086513996,281.4,207.55245369450384
4a82c4af97ffc0fb2dc26bfdc03b1842,0.867791040187959,143.70000000000002,124.70157247500973
8fec2e460530482132c436cfb5439925,0.8394196440359973,468.46,393.2345264451033
b56828a9f9027f3c918c04ca720d9e3c,0.7460508095824027,360.0,268.57829144966496
0ac4201fda2c68ebc0e47cb9423cf3c9,0.6948924136042971,1676.88,1165.2511905247738
4ce8b55b4bfa4659184e7becc1fba3f2,0.8925381595981546,199.0,177.61509376003278
33576ec5412fb5905d876f12f33bfde6,0.8386732494513848,2718.0,2279.513892008864
066a6914e1ebf3ea95a216c73a986b91,0.7730595939449649,8956.37999999999,6923.815486016797
44f091b5abab8018f682fce8124b85e5,0.9914751312207596,354.4,351.37878650463716
04aa0a1c5ce6b222003403a3e11c3cc0,0.8318059888370386,5518.0,4589.905446402779
d90fe2229fee1a5da999ccd0c06c1667,0.8379656129483342,450.0,377.0845258267504
38102b031c2a15e54623d711bfc753d3,0.877127324633476,418.0,366.63922169679296
731ef20c231d9a7103a425e83fd91271,0.8813961794553843,1692.0,1491.3223356385101
7402d13c03a7e91366337cd1de471144,0.9507749502466345,473.89,450.5627411723776
ef2fbc2b607d8492bcffe657a4645434,0.8346801529152013,920.8999999999996,768.6569528196085
af4a0e4cfe1d9c26b6712b1be25a72e5,0.8859400165217863,8757.979999999998,7759.044945897473
9e9b539eb2806acee3f5c28085c1db9f,0.9046608314969623,967.0,874.8070240575626
0d33a55da925bbf1ff02af5f6059fc7f,0.676456393916602,547.3,370.22458439055623
8e4f041ff58e7845456d3482524014b3,0.9199263930499596,133.8,123.08615139008461
be1e9e378700cecaa4ebf71433d7915c,0.9976395605295535,119.89000000000001,119.60700691188818
039b29ff3b3473435d0cd59040575de9,0.756044431011566,114.90000000000002,86.86950512322895
2c54051840f19eca309a5423cf22df36,0.9050732246681327,23.7,21.450235424634744
7fc87cc3e89b3d1d5cabdca32f8485aa,0.6715870677541261,2153.9000000000005,1446.5313852356126
c8467937e403e76a8ee9f0ab13f6f5ef,0.8492739598897322,1853.7900000000009,1574.3755741039874
05a940b4ecae36cadfd8e93bd9c43257,0.8455584910939341,695.1,587.7477071593936
c026ef0d72e9132d9fa112308090c8dc,0.9241600647527592,520.0,480.56323367143483
695051e2981c8b19e77cafe450d5bdf3,0.9976751007834775,169.76,169.36532510900315
8b8cfc8305aa441e4239358c9f6f2485,0.9056533701868273,11892.0,10770.02987826175
18e694e0e48ed6f7aa3f24aade5fd697,0.49594510246483725,701.5399999999997,347.9253271831818
5e105f5c9f63f5f1fd75d6cb942e55b1,0.5533332056675164,1471.9,814.4511454220175
c4fabeea6e569d42d02993bb1f4f1cbc,0.8649480805629398,859.3,743.2498856277341
7dc9a3355bae96dd82008b313d3a456c,0.8605082102016356,899.0,773.5968809712704
ba6b4a237f92479743cf0ca06b67a9ac,0.7691489987487945,801.89,616.7728906066708
9d39404483343dd55c7ae254494d8388,0.8731485364127098,293.2,256.00715087620654
d51e0a403fe2e689ece6c73359d96e12,0.8583890288614977,7380.0,6334.911032997853
f19516b9ff26bfeb091b30108db4ddbd,0.9712434841487193,162.7,158.02131487099663
a70e9066dbfd10b6b97a3f54a1356762,0.9002797836694474,1716.0,1544.8801087767717
db1f0f7c7e5e87f40b62226f020bb297,0.8902507276625655,59.010000000000005,52.533695439367996
186cdd1b2df32caa72cfb410bba768d3,0.6391649291431722,1341.45,857.4077941991085
c24173065483e421f9e5e7f599de101d,0.8451994057809882,373.91,316.0285098155693
a369d693961cb93b61ca2cc518872a85,0.8139942023995268,2597.0,2113.9429436315713
01cf7e3d21494c41fb86034f2e714fa1,0.6857132184195663,9439.559999999992,6472.831068064596
5b581417df4480f632484ba681e53944,0.9007347123621441,1641.6000000000001,1478.6461038136958
5a425cc503b39b262a847fd6212bf53b,0.9082556329423899,1340.6000000000001,1217.6075015225679
a066df7361163e7ddc5d7452dd17448b,0.866759517215507,1078.2999999999997,934.626787413481
53d00c40e32aeb924a84ce72b1af869d,0.7134277454996146,2165.85,1545.1774825903403
e64ddbe1cbcf4f2fc3092b7c481f3f9d,0.8110280223341503,20.9,16.950485666783738
686886775c8f6b1191c7b953fb52708c,0.8483215481908475,189.0,160.33277260807017
cb6c9f5888a7a090c75beaf615925792,0.8303249801987012,779.8900000000001,647.5621488071652
3771c85bac139d2344864ede5d9341e3,0.6834922241388948,1433.3000000000004,979.6494048582781
d4ffeb15b67e81ff9af2b4252d99fb7e,0.4348295554167359,1400.4,608.935309405597
717b78b0950b51ed00b1471d858b0edc,0.809763838103526,138.6,112.2332679611487
edf3fabebcc20f7463cc9c53da932ea8,0.8483966776127293,219.9,186.5624294070392
f2336e113377dd21c744d9c4fc8293a9,0.9280135914581152,3563.0,3306.5124263652647
8a43128d7f9a3db592b866e6861a6cce,0.8096238061101234,990.5999999999999,802.0133423326881
2f3d8b4c9e2ee165075331fea3f3095a,0.9983287831040015,130.0,129.7827418035202
6b1c4d4d9ccf0be3d8544eb0e71e5318,0.9040006735230132,1699.0,1535.8971443155995
eb4df17aed01d918c65f0f8d650900c0,0.8307894162197503,3739.8700000000003,3107.044414037758
48328ec9a579151d9cc6a86d4a59336c,0.9275355818546864,1099.0,1019.3616044583003
a4b8d97cd5d3674eeff96abc99d8ed67,0.7348528538017188,214.08,157.31729894187197
2addf05f476d0637864454e93ba673d5,0.929410256728792,4552.0,4230.675488629461
52454f90d4c30c016768db02f88c1a74,0.7899208861181567,80.5,63.58863133251161
830379336fad8c6f3b15a4a3ddb5c66e,0.8385223122172525,268.0,224.72397967422367
b347677812ea483b0f528eaf8cbc09b7,0.8605221845656414,7288.99,6272.337598077114
d73cbd89533ce8b041a9190241453ac8,0.9741252531532401,268.7,261.7474555222756
9315e491484b1b0081ca166fc164108d,0.8773665627898347,29.99,26.312223218067142
e732329483fd5f27367dd997b47f598a,0.8692461913233129,109.9,95.5301564264321
fe19dce63ae80346207c6c55713d1023,0.8708306169441968,49.9,43.45444778551542
4deebb3199eeafb282ae33229144f94b,0.8359526353161737,779.6999999999999,651.7922697560206
fe1bbc5feda5c8979a8a1b3b2512d5a6,0.896147736110834,724.72,649.4561873142436
3faf68a3b0af94b10bac70d86077be49,0.9975223406695058,1322.93,1319.6522301419095
516e7738bd8f735ac19a010ee5450d8d,0.579986593622556,6463.189999999993,3748.563552035364
95f83f51203c626648c875dd41874c7f,0.8359159496978564,3077.6599999999985,2572.6650817471036
1fe5540d7c1c37a595fefbacd5570d9e,0.7866139079892387,4537.6,3569.33926889197
6fa9202c10491e472dffd59a3e82b2a3,0.8329878583478676,7014.24,5842.776755537947
57fe6232e67823593374a2281d7a8af8,0.864800224623211,178.68,154.52250413567535
fa40cc5b934574b62717c68f3d678b6d,0.07695144082482673,15900.479999999927,1223.5648458063354
8581055ce74af1daba164fdbd55a40de,0.08030217738436166,64011.22000000023,5140.240343029417
2a261b5b644fa05f4f2700eb93544f2c,0.7513680289465368,5355.0,4023.5757950087045
de722cd6dad950a92b7d4f82673f8833,0.19154748655584464,55126.30000000033,10559.304208123522
54a1852d1b8f10312c55e906355666ee,0.30691973020914975,17056.459999999974,5234.964101523146
2d50d6282f8aa2257819a77bfaa0efe0,0.6161039507495488,3008.48,1853.5364137510026
ffff564a4f9085cd26170f4732393726,0.9882122730652946,359.0,354.76820603044075
252e76235acb79183cfca6e34f13337d,0.8025220341805226,261.2,209.6187553279525
9b013e03b2ab786505a1d3b5c0756754,0.18415331427354342,8714.549999999985,1604.8132649025051
391fc6631aebcf3004804e51b40bcf1e,0.004539897489668425,39475.30000000007,179.2138153739083
4b9750c8ad28220fe6702d4ecb7c898f,0.309486479208766,15815.39999999995,4894.652463278302
9e6229250fedbe05838fef417b74e7fb,0.6476100737239362,12962.299999999981,8394.516058631765
a1043bafd471dff536d0c462352beb48,0.0036736588036037922,99309.23000000049,364.82822706861566
8b321bb669392f5163d04c59e235e066,1.2743402782032045e-05,17262.939999999915,0.2199885976220512
897060da8b9a21f655304d50fd935913,0.1232850430165179,21740.510000000002,2680.2797105510376
3d4b1ae7539303b5704493798893e82c,0.741235087783812,1076.0,797.5689544553817
7d76b645482be4a332374e8223836592,0.44250804277418926,3765.740000000003,1666.3702369964767
0b35c634521043bf4b47e21547b99ab5,0.7546133093907138,13235.649999999996,9987.797648437197
b335c59ab742f751a85db9c411a86739,0.8058002722019751,2494.1100000000006,2009.7545169016687
eb3071b9f0b0ddaa2df5ea130f09f26b,0.7669305599867035,6230.0,4777.977388717162
55bb6fe5bebe5012e2d7d9928e1128ff,0.6879518078022318,1816.55,1249.698856463144
d3dcf0604eabf0224fbd5948b5e02f69,0.48068990070889195,2902.3,1395.1062988274173
d1c281d3ae149232351cd8c8cc885f0d,0.18458092115409958,26833.610000000135,4952.972451689883
2eb70248d66e0e3ef83659f71b244378,0.39981866728123316,38990.720000000125,15589.217706735773
0b90b6df587eb83608a64ea8b390cf07,0.6186535446411694,28492.760000000013,17627.146970610134
1c68394e931a64f90ea236c5ea590300,0.6339826280169922,24832.750000000007,15743.532105888968
9c4d31c7e46ab03a43fc06e3142afd4e,0.8800260939982506,1218.9,1072.6638059744678
634964b17796e64304cadf1ad3050fb7,0.2358796225498086,39114.100000000035,9226.219144375476
559d56f3b8f0bc2e5a9a62fe2ce2a39f,0.9113594399465643,385.0,350.87338437942725
4324dd16853115efb0fd9d0d131ba6f4,0.8356320480482197,1052.2499999999998,879.293822558739
83e197e95a1bbabc8c75e883ed016c47,0.8562573512464227,6574.189999999997,5629.198515990716
671585f5a2af58b6e276bc01003c0d2b,0.7433285902132871,1244.0,924.7007662253292
1c40343cc5d18c2d8248ac2f3366de34,0.7002464039910397,2461.4099999999994,1723.5935012475845
7ea5bfa6c340f58f8e71fc1f0412b0d6,0.7986296578776415,10838.409999999985,8655.875670237598
68f86ba270525243e68ae74044f992b9,0.8891598038480066,777.4999999999999,691.321747491825
78ef7e885d17f35e2382a47aae8b8cce,0.8891961361496922,388.0,345.0081008260806
7a9c12e235c36247c3c81f50d6ea9cea,0.8368711186415088,983.9000000000001,823.3974936313806
c8e135e7b21ecbc36c1153a29d2f5a06,0.8010310876717394,1165.5,933.6017326814123
d673a59aac7a70d8b01e6902bf090a11,0.7145412762557045,3908.9400000000014,2793.0989764069745
c3fe93ba3085f92855c97e57f38c8c05,0.963959088690172,219.0,211.10704042314768
b2ba3715d723d245138f291a6fe42594,0.06740301792026142,49302.18000000031,3323.1157220479754
6b333a05bf188ef3e1f1662a86bd9855,0.846905376747662,3990.9100000000003,3379.9231371160117
157c3e4b42f81ac4a44e8b1ca2fe9876,0.8054737984981866,2548.5,2052.7499754726286
b4a476fbd28de64b1e347abf9089366a,0.8738351962317578,4479.039999999999,3913.9427973298916
94144541854e298c2d976cb893b81343,0.7791379496922005,17286.279999999984,13468.39675700528
6039e27294dc75811c0d8a39069f52c0,0.6888510700506743,13500.799999999983,9300.040526540131
402916f742e5c740cc751493d9cf5053,0.8126563155658983,1252.0,1017.4457070885047
7315baebc0572ff220d226283dc66728,0.8089167474877419,49.849999999999994,40.32449986226393
9cad4b68bb993ee401a3c5aaa2bc26dd,0.8040061392797476,649.3,522.0411862343401
86ff3eaef0267069cc891a2ed9d10a17,0.639412448613274,409.75,261.999250819289
04308b1ee57b6625f47df1d56f00eedf,0.8462109815794786,58991.80000000009,49919.50898314036
5882820ef11c4c068eea0677a7a879b4,0.9308140301830614,9925.5,9238.794656581977
397c4d0c005b6f41f90098ac724e28cb,0.8104213719634561,8177.0,6626.8155585451805
271c58a1d139c45eaf3316107c6d3a3b,0.7168944659476794,3597.6300000000006,2579.12103752735
5db42a6cd9bf1bf0d3aab9582767f168,0.911227626449198,200.0,182.2455252898396
b026643914f651e8371425e5b8a1e780,0.85410286866791,27.9,23.829470035834685
5f26c1408a65b42a7224cd463bdf3292,0.851157950814126,1139.8000000000002,970.149832337941
b6d44737c043328708f6749c2dbe50bd,0.7011418458529832,5284.599999999998,3705.2541985946737
2ff97219cb8622eaf3cd89b7d9c09824,0.4462518410129015,4339.100000000004,1936.3313633390826
5343d0649eca2a983820bfe93fc4d17e,0.7333452551761991,9819.019999999999,7200.731727480202
3afc536624bc2e65bddfb5db33cc01f3,0.9031411269218119,312.0,281.7800315996053
17908cf9b444ee34047cadd5c0f4a516,0.8890935262276608,1993.99,1772.8436003626935
7c1fea10b5b006671d608b1d7c446ec4,0.8344812476708398,423.5999999999999,353.48625651336766
f4db9b37944bcb8873e6b456ee190bbf,0.770429429826237,3409.779999999999,2626.9948612329054
f593898ec748b7a8cb81fc04edafd98a,0.768507161365136,2588.039999999999,1988.9272738994257
1caf283236cd69af44cbc09a0a1e7d32,0.7341208567209818,917.6,673.6292981271729
1fdc574883ef3b33ad41562d93f3a74a,0.8177299872992364,4251.0,3476.170176009054
33c51922b6e3c16b24a8f28e5833c99d,0.8153005763317019,6657.870000000001,5428.1652481415495
30829ded4523ab9224b93bc49a62c95f,0.8907588535240145,6911.710000000001,6156.666875490468
74871d19219c7d518d0090283e03c137,0.750937150628011,550.04,413.04547033143115
527801b552d0077ffd170872eb49683b,0.7302091560066986,17942.799999999992,13101.996844396985
13c2ed7698b3ca92dad49e849219da59,0.887126137693207,498.61,442.32996351520995
98115075dd26cb8835946fc6086f5d30,0.8433479904899643,434.96000000000004,366.8226419435149
3bdff180c7e1f6551a643b99c265a120,0.7816845272081351,3008.200000000003,2351.4633947475145
f5f2ab9bdb6b30c14c61be68c5ed37da,0.7900316445261352,2134.6800000000003,1686.4647509370504
2305ab43e846518f58dd9d59f3f54e96,0.8421454880086826,788.89,664.3601540351696
8cf21434553b02cbd37c0bbd07e041b0,0.9873395888223613,49.99,49.35710604522984
8d79c8a04e42d722a75097ce5cbcf2ef,0.8930723642086271,2627.820000000001,2346.8334201147154
8f0fbe2cd4d472157dc1cdef6edecaa9,0.7838668567371306,71.88,56.344349662264946
bba8d0c234a52b87b3957037a215d1a4,0.8240508626172471,120.0,98.88610351406966
2f4b0d3b9634b647d4edee577d7ebb7e,0.8271991710017707,337.8999999999999,279.51059988149825
49f8d2ea7b718d0ce587d34207caf2b4,0.7948298919087117,149.9,119.14500079711588
6eb94e1466490d327a09abf8f3552a50,0.7858286764763424,1372.95,1078.9034813681942
b1fecf4da1fa2689bccffa0121953643,0.8661121103599516,3669.64,3178.319644661293
2493dc3f20131696a0ecdb9948051a8d,0.949481031202578,504.38,478.8992425179563
1961c3e1272bfeceb05d0b78b5bbfdaf,0.9324212052369394,657.0,612.6007318406691
48436dade18ac8b2bce089ec2a041202,0.5431173124770405,11821.10999999997,6420.249493695452
5145090ab595c0d0b8557199f5701fbf,0.8246857021372686,1459.6,1203.7112508395571
9d213f303afae4983637247556438ede,0.6230473145595125,47.7,29.719356904488745
dc7192adf8ba09569261f4a8d576afe0,0.4175647051960826,917.0,382.9068346648077
7b0df942f46435babab05d49b744b2c4,0.8709388800026805,22600.629999999997,19683.767379554978
6973a06f484aacf400ece213dbf3d946,0.742885107023623,10418.719999999998,7739.911922249159
b7e1750c1157341d2abd0251e07c186b,0.809288075936631,159.6,129.1623769194863
15cd6eefe58588619aaed41dfa6621b1,0.9982145887947014,1622.740000000001,1619.8427418207145
11305281b50fff20ae8bb473f8e11876,0.7330465162853939,6528.699999999993,4785.840790872446
ef9952469137ff190bacafe117f51537,0.8938693667918128,1002.6599999999999,896.2470593074789
10089e9f2fd0c668a8fd4e52e1698888,0.8388219298692956,1139.9,956.1731178580102
5ee7fd217d08dfe5d3e2f51f96a12c9a,0.7738085120816147,1165.5,901.873820831122
327b89b872c14d1c0be7235ef4871685,0.9336244487760709,1177.0,1098.8759762094355
c963a25b8671419c6ce9eebe8fd03218,0.8093274579284685,49.0,39.657045438494954
578fa3a9cb6b6dceab39231ad59cdaca,0.9028134234876392,150.0,135.42201352314586
dd39ad39b5d3df33037e141c72497ba6,0.8049047586553267,135.8,109.30606622539338
b416191c9813d821a295cfabafff4161,0.997639467509436,117.8,117.52192927261156
9add47bf45ce8e8c7db6b9cf670b1e09,0.8413943163310944,4606.4400000000005,3875.832434520207
0761743cbffb25d7148189e9f1a5f03a,0.7714631685725151,241.2,186.07691625969062
7dc8c42cc750eeafea6c85712ffee9bf,0.6274786712278241,6409.679999999997,4021.9374893955573
615005a3ef192c00c6f0e977cee3d2bc,0.8431055055998911,286.49999999999994,241.54972735436874
b1b3948701c5c72445495bd161b83a4c,0.9584322105453805,21519.500000000004,20624.98195483132
c8417879a15366a17c30af34c798c332,0.8842009767183662,1734.7,1533.82343431335
79ed755314cfe6df0daef2c6cd3022cd,0.8997900275861592,3907.5000000000014,3515.9295327929185
5d76d80a2f5f39c891b996a1bf4c9853,0.6979744546657237,1238.5,864.4413621034988
0af977692321d895349eded183341d28,0.7928289638548979,257.75,204.35166543359992
eb72802c83dc7547529c9546d1a9b8ef,0.37715496099084506,1063.92,401.2627060973799
dedcab67899479e4ea5dcc4eba47f587,0.6825057499747706,84.0,57.330482997880736
c0f783394e37cd9c9d7f5f81141450fa,0.9975074045308097,249.4,248.77834668998395
b6f52e346160519c24a23af05410ad32,0.8113435496489589,129.9,105.39352709939978
d2e753bb80b7d4faa77483ed00edc8ca,0.8743228659594157,1320.7,1154.7182090726003
7caa63f175b1cecbfaadd8b5ab9998c7,0.987625422400984,19.9,19.65374590577958
e603cf3fec55f8697c9059638d6c8eb5,0.9992869980784491,270.0,269.8074894811813
db7ed69a53aa9fb1c01930ba54a88bbe,0.8589434037430933,109.0,93.62483100799717
939e6227d6964a11a70aa91243e418f2,0.8667610869009804,425.0,368.37346193291665
f049a72cf58fd31b11f8919cade515e7,0.5319655676452425,138.75,73.8102225107774
f09b760d23495ac9a7e00d29b769007c,0.8587438369736276,21.9,18.806490029722443
d9b00a97818674c7f8d8b1ef0e689679,0.8723473229247125,69.9,60.97707787243741
8ff1a9df749e454105c55cda13e79143,0.6544503482904314,1400.6000000000001,916.6231578155782
9140bd1d9de28b197dce077bdd687438,0.8528276279851837,1258.87,1073.5991160417082
ae9690c6e8fee182c28c9ff8e11ca52c,0.8479768746561448,47.4,40.19410385870126
de66a66f2dd06bb9ec37aa96987466a3,0.8395439697011133,353.31999999999994,296.6276753747973
9aa388272ee334b6ae07bc73706e254a,0.712678648239227,678.0,483.19612350619593
f805b96fa705ba7995a221f1749dc141,0.9149829976536153,2744.4399999999996,2511.115938080488
3bb32fedaa74e4ad20f4ce067733bd31,0.8931862569088309,103.69999999999999,92.62341484144575
b566ab0ef88016e00422755e305103c6,0.7114973176262334,1208.0,859.4887596924899
657969cca82e884d272385ec0ef06edd,0.8414976079195716,139.70000000000002,117.55721582636417
bca9230d3bbb4efa51872bf605a2f1ad,0.8695950151624079,117.57,102.23828593264429
c0098efcf800861dcae589affca31408,0.828005221956203,1189.2800000000002,984.7300503680732
257e61d3251fb5efb9daadddbc2cf7ca,0.9184455018150756,7729.0,7098.665283528719
458d868c9642f55f18f04e951a3fdde6,0.8744281836965925,2718.0,2376.6958032873385
7a2d2949aea47fab95fd98d6c9f618b1,0.7526864680130773,1638.99,1233.6455942087534
e503f22be6a4f456d9851920a5d9c670,0.9485466232696163,198.9,188.66592336832667
c42fd8e4d47dfb18ce5222f2dd7752f9,0.7947661425226933,466.99,371.14784089667256
ac9b01377919cdbd2a1bbb8d5837c70b,0.8399061298106116,55.9,46.95075265641319
5566627eab3fe93fd6ee08798226101a,0.8905821437502562,85.5,76.14477329064691
954e95f20808d7e5d11f0de292d078e0,0.9984747734890674,158.78,158.53782453459414
6d22a1fcebb6dd08c9cd90b92a93e8d0,0.7812410141780639,723.6999999999998,565.3841219606647
72431a818f97fe6ab9c81eee3e297e54,0.8412471764094098,229.9,193.40272585652332
31eec405c9bb71dec8e2629a92e764fa,0.815816504223893,256.89,209.57510177007586
fb8904a8ea99f8831b64ce27db2c1765,0.8575968092125149,278.0,238.41191296107914
b2eecf5ea250510da76590ca79d60e5d,0.864296759991976,1060.0,916.1545655914945
269cff2d3c8d205c11f37a52402ea93b,0.7417277083806886,1281.5900000000001,950.5908137836068
265fdc289dffa9f1ad801c74f7d0de47,0.8410188823299796,495.0,416.30434675333987
f8e2c1b59cd4225a3e4fd0d013a76b93,0.8465526397080522,219.8,186.0722702078299
4c1c7281388a33dd06daac44f9fadbd1,0.5951123785028619,188.32,112.07156311965895
76623fde66e6b63b59440fd34160512d,0.8225046292103816,65.4,53.79180275035896
00ab3eff1b5192e5f1a63bcecfee11c8,0.8112512491232333,98.0,79.50262241407687
41b14765bd56c8ad10971074380f9c0c,0.7478553791137025,395.5,295.77680243946935
2c43fb513632d29b3b58df74816f1b06,0.8332651340413216,858.0,714.9414850074539
0cab2da43793a6f3c5ed8514c5f54627,0.8768667380675853,309.70000000000005,271.5656287795312
75fdd0a732287f9497b179f6bd445d32,0.9976702797823147,59.9,59.76044975896065
04fdea0c111866e6cf812f1570d6b5bd,0.9240884997303657,865.0,799.3365522667663
2063dd1b9f568df1c16741ea7d3e6adb,0.8973447083542822,763.0999999999999,684.7637469451527
3dfd3dc96f7f8598eca74e9ac8a2fa31,0.7405079473664974,183.0,135.51295436806902
0b46f784306be7200ca1700aa55d819f,0.8923179004031733,19.9,17.757126218023146
96e5dc09087bad639b4ee193104ec2e5,0.8584646834599658,101.9,87.47755124457052
bb2afe2061d53c6968aa0cffa233a8ec,0.6588899890338211,549.4,361.99415997518133
a9415cf907dfa12f9ed18693244f5329,0.8920171739256931,210.0,187.32360652439556
5b92bfa4120daa27c574daa2e386c693,0.8407014715793051,14.0,11.769820602110272
0ade5cc4a305ed7093a23f68ca47519c,0.8924654106388815,158.88,141.7949044423055
866558b3bccef2dbc6d29a2b5995016f,0.8370117250396409,1519.4000000000003,1271.7556150252308
b2f4d63c7203f539a78252565ca32257,0.87801732943515,14.9,13.082458208583734
c398bc00a606d33758afd91f4e64fd15,0.8912299234430088,150.0,133.68448851645132
253c025bab43881055aeecde5e2d8b77,0.8759567264187688,94.82,83.05821679902765
3296662b1331dea51e744505065ae889,0.8410764896733056,517.8,435.50940635283763
76d336555bb25f3165d2f0d6da719c40,0.993864439576627,165.0,163.98763253014346
2b2fed75b8e5ea3a052fc4c0825da485,0.8914645977288784,510.9,455.44926297968397
5ca5d579b5857ee8709479b1047cecc3,0.9823732254700085,169.99,166.99362459764674
d598f929fc44e1e38678e7f47250ec04,0.7480682072373138,69.9,52.28996768588824
9cea4682e16655f7da87f406902e989e,0.9042865112775292,87.75999999999999,79.36018422971595
76de363de16dacc923eec8daf91df504,0.8805606195755935,360.0,317.00182304721363
ab27bbbad5239bc31a34709275a70db4,0.8726435363477003,382.8999999999999,334.1352100675344
d94ba08b99bedd6a5f6c875ecc4a6fac,0.916989931025884,539.0999999999999,494.349271816054
817f85dbb65aa3e70831d90fe75cdf89,0.772954901235547,1552.2700000000002,1199.8347045409027
739c7d7be81f63812dea0d1b1451c651,0.8897527232355283,77.5,68.95583605075345
f4ce8ca9fa7157e3b33f536ac9a4487d,0.7641069888743298,409.6,312.9782226429255
461ff5303b6c9c1a4a07f40c5aece516,0.8692070706478898,102.69999999999999,89.26756615553828
e5cbe890e679490127e9a390b46bbd20,0.7059315584387108,908.99,641.6847273052038
c747d5b92c7648417faea95d36d763e8,0.9052701164915001,139.0,125.83254619231852
7cb946b1ad19faebe28c3e86c2794ec3,0.8707776720675723,25.0,21.769441801689307
6601ee6383e7f452be71929f8de48bbb,0.8424453489736743,153.6,129.39960560235636
761681a821d8275bc79f552116d06869,0.7445292678215029,354.92,264.2483277352078
154bdf805377afea75a3bd158e9eab10,0.881582664993507,89.9,79.25428158291629
5a4236931428800e9d9cc04af0987118,0.7150920533008883,44.97,32.157689636940944
213fafb0ca06fb3d5886579c2565791b,0.8358857585662425,189.70000000000002,158.56752840001622
2d378dbb39815785238c0139c7647fb7,0.8803291132045173,1154.0,1015.899796638013
d8bf0fc082fd4a77fc2e5679b6c00133,0.4796428896201377,139.9,67.10204025785727
7f5e4d5efad7e44b91115dd1decb65f3,0.6544176613574184,179.9,117.72973727819958
f682e0f848abafc6f41e0d4e868c66ef,0.839435024012078,269.98,226.63066778278085
443d880f15cbd3572885e1d44bf2c478,0.8480923241794778,94.8,80.39915233221448
b452cb0ae35044c4a53179c39f49fb06,0.7289345049823485,63.699999999999996,46.4331279673756
b5b800c4065bebf4d3442311c9857344,0.8111988625719972,79.9,64.81478911950258
e5bd51692380fd8cabb19b756b95e714,0.9997341695504328,79.8,79.77878673012454
247587846358bb1d2e4c6522020b36fe,0.7946729695774226,99.0,78.67262398816484
e00d85ce20ea50c1224c66ca5050527d,0.8401425861079694,149.0,125.18124533008745
c53bcd3be457a342a97e39e5a9f0be22,0.8388991665529096,509.5,427.41912535870745
35b96509602ec4b7da831b5cd73ff2c2,0.9044829620997057,558.9,505.51552751752547
961dff0a659b4561334372337dd897d9,0.9843426345894081,7297.0,7182.748204598911
c00396cbdd2e088fe4281baa5920aef1,0.8168748628701481,832.4100000000001,679.9748046017401
12a8eb0f8d1cd3270695bf2a99f55966,0.908080414116579,397.0,360.5079244042819
48b6c3f4c6a93171da04b75313f2130f,0.8385792690696544,290.26,243.40601864015787
d7ab82074b5f1dfba46db123df101bff,0.9976359429604009,38.67,38.57858191427871
a53f60f05f822b5c621a50ff6a5cb362,0.6921244124475183,415.4,287.5084809306991
539ed9e19811677513447759be5eccfc,0.5874199278237063,32.83,19.28499623045228
c6218512d16fcac0af02fe92691cf274,0.867150571754166,674.0,584.4594853623079
ec5c1d94df153d473b37f880977ae58e,0.7041707889902217,199.67,140.60178143767754
6ebf4eceee4dd9847201c82e77ef8123,0.7442772248485562,59.9,44.582205768428516
43753b27d77860f1654aa72e251a7878,0.9102327446545107,23.9,21.754562597242803
5236605f4d4b0b3e4df85b850393fca0,0.8522601635463872,265.3,226.10462138885654
7b3f6ce5c6c22e9b96e7581ebf0df6e1,0.9976689571601701,29.8,29.73053492337307
45a3d05fb00435e52a28859dd03703b3,0.8452918742161656,1299.0,1098.0341446067991
7adbd3210a7b3cc2235e225eef33574d,0.5932510179629195,131.9,78.24980926930908
a3fa18b3f688ec0fca3eb8bfcbd2d5b3,0.844066419174335,47.8,40.34637483653321
eae9af4811c294c56795d70e715b7337,0.997668346128353,15.9,15.862926703440813
800214c63934acd05d47e84214db8ba8,0.9672058787698496,199.70000000000002,193.15101399033898
7b3447b497e55af8c15fc7bd89d7b81a,0.8588080173335862,49.9,42.85452006494595
b8d890108a7a80e4f5d59eea9f362438,0.9015685511230136,89.69999999999999,80.8706990357343
fedf2c1386e137f296b3bbf3b635e69d,0.8705712248913294,131.74,114.68905316718374
64cc804291f90c81f02bfc2bb58ff55a,0.8982278910805941,517.6,464.92275642331555
f114dca2828bf718548db175ebe2cfcd,0.9064765881131505,139.0,126.00024574772792
0af2ab31141893d26aca5a404a537dab,0.8537367918462991,59.0,50.37047071893165
189ca3538ce9f920cacf0f982cbe223b,0.7692860466733025,419.0,322.3308535561137
734def04b237117a09321dd6d8f3f2a2,0.8554015155065022,1252.43,1071.3305200658087
4e2627090e6e5b9fabba883a37897683,0.9893408064802918,39.9,39.47469817856364
553a440137d6e0cf776aee0bb83ac9f5,0.7910471700819147,144.8,114.54363022786126
8d92f3ea807b89465643c219455e7369,0.8140699817814796,121.2,98.66528179191533
aae5953b9edddf14749c0d65d60eb4b9,0.8964140986474876,173.0,155.07963906601535
cb162c8eef257253782d245c08d9097c,0.8891460333279109,34.99,31.111219706143604
b86a47b3366e3b5424a7b225781f4908,0.9985155839966607,86.5,86.37159801571116
dd5450b022b2d00a2145a66331e1aef6,0.7822968095027464,59.0,46.15551176066204
70f7e8018e3d46c748c92f026aa2585a,0.8116612727196408,239.8,194.63637319816988
01266d4c46afa519678d16a8b683d325,0.7062333344827377,90.25,63.73755843706708
edb65fe661681b1c0de8bd47c8655855,0.8960594490104137,69.0,61.82810198171855
3a3c180dd702a725bd0ba4117689239e,0.8601446740167298,41.9,36.040061841300975
31e60bf8d103ce47932a85f5562deb16,0.9439527038739657,181.0,170.8554394011878
491a5ada3aa1678414e990262c4bbdc1,0.9930580754645587,1420.0,1410.1424671596733
4dc2e811a1760953cb7c6a590b498943,0.9089173881506016,175.0,159.06054292635528
c360e4787614ed31ac7a2f95d3b22dc6,0.8402438379199284,188.9,158.72206098307447
3a490ba60afa30ece0e7d50cfe74a4f0,0.8744427317737911,1529.2000000000003,1337.1978254284816
babcc0ab201e4c60188427cae51a5b8b,0.8399648258116102,79.0,66.35722123911721
1444c08e64d55fb3c25f0f09c07ffcf2,0.8930179535264032,2749.0,2454.9063542440826
5fd924b4836098a5be0ecf81ba054ce0,0.9246638612510159,1148.8,1062.253843805167
e94b64dc6979b302a5a5be1662c83bb6,0.6337996684415144,306.89,194.50678024801633
7bb8fac2913a6064ec412e583c6d8b4d,0.997672435675658,109.0,108.74629548864672
0bfd0b434243adc5c2e1aa6baf19c6aa,0.832668874792925,371.20000000000005,309.0866863231338
ff82e8873fba613f2261a9acc896fd84,0.8705971365952732,124.6,108.47640321977103
d197aa8fbc64087f61984deef05f6227,0.7832225952505418,519.0899999999999,406.5630169686037
87d73636a3acf123e842bb890a4db036,0.7461258843620568,269.9,201.37937618931912
3e35a8bb43569389d3cebef0ce820f69,0.8467168225009133,55.8,47.24679869555096
efff9341f3f8f5237b44ff67ed36a7bf,0.9562203346963112,872.99,834.7707899865327
876182d1918783bbe15233febfbd4926,0.8502858386007871,120.27000000000001,102.26387780851667
33fd411ed63a7c2f9005e3f065d9f85d,0.8703500882136619,24.9,21.67171719652018
16bdc8cefd0e32a6f0824d296c5ad14a,0.9490950686984175,41.76,39.63421006884592
6824a69c9ea0313eba299dd4a2dba09a,0.735117481319848,666.9,490.2498482922066
a513150f33f99a06569e9cd5c4bb889b,0.6814212221889068,677.0,461.3221674218899
65c255b299faf2d12050937cc219c46c,0.8422812181861788,88.2,74.28920344402097
c1d1ebb4745cc43cb6f05e9c8a705c9a,0.9999705261518712,12.5,12.49963157689839
2a167ca73899c85001a837d8fb4962f6,0.8480826236314597,4097.0,3474.5945090180903
8def3db7f272735afb2ecd03aeca09a7,0.8653500652529031,196.0,169.608612789569
b5dd7151a92ccaaa282cbe9681a05f44,0.8588884375793,85.0,73.0055171942405
34675b28b826facfde119785bf287dc1,0.8935809415656814,21.99,19.649844905029333
61c36f0fc4a47f9532e5512b66668e62,0.8422793106363476,750.0,631.7094829772607
f7315bb81aea4ddca2d39e249a801c98,0.9080532763591436,379.8,344.8786343612027
e0b162a693bc7f9eab00f783a31d60ea,0.8703396378186158,20.0,17.406792756372315
698624c6632eeba1774924dbea24c700,0.9976685219812208,19.9,19.853603587426292
41958cbd3335433c8740300e8cd600d5,0.8959960448797397,32.99,29.558909520582613
7586919161935337bf6b6d7ff5779648,0.874753828309181,1664.7100000000005,1456.2114455245771
6902157ee16728322d61a1321fa79e58,0.8850026357066195,159.8,141.42342118591782
b5f0712d22a873b6797ab6cc65c3fcba,0.8397970512976897,12.99,10.90896369635699
8f2b51a30523cdecddc2f179f351c7d6,0.8316034025213684,1027.9,854.8051374517147
515d781150feed28a6ac091bb0e3cb8c,0.9176980802913158,1002.35,919.8546707800004
baf15155e37ef5492731459bdc05be8a,0.7503111280573194,47.0,35.26462301869401
c1849d4d32d7a6cecd5aa471809d3135,0.6889849712355752,388.98,268.0013741112141
f326006815956455b2859abd58fe7e39,0.7332702405260609,3147.1600000000003,2307.718770173998
63191ead8d3b2f937cd1996fdcbbad20,0.8757148502376135,367.0,321.38735003720416
d3891911c2feae53c52fea2bd14054e5,0.8849664693101302,141.0,124.78027217272836
fdf736c18c589ed030e058312203e1b2,0.9015652024402812,30.0,27.046956073208435
13e85aac53340018b40c2af68001b7e0,0.8479047430759248,17.8,15.092704426751462
e0a3c37054ade6478d923a6efc10f308,0.8511573176951843,219.8,187.0843784294015
6f83d9e4da896daae20b9b6b2d3ff8d2,0.6768911426821675,765.1899999999999,517.9503334689678
b76f4d90e85657a240495c876313adc5,0.8428041295915365,299.0,251.99843474786942
85e7c62c1d6ea078c3897424f867a7c8,0.8415566845493506,60.0,50.493401072961035
398cb257329ef7af7f1943a8974a3cbc,0.9188008069569674,145.9,134.05303773502155
0ddefe3c7a032b91f4e25b9c3a08fca1,0.5968106107545824,402.9,240.45499507302125
dbc51f5e45d654ecc16cb68e6817ecea,0.8115462287142806,199.99,162.301130280569
2f4b9d112bfa44a214bc6cef085d17c8,0.9232780311902689,293.99,271.4345083896271
7994081388d55b9cf976c050653dd359,0.9936014655149767,120.0,119.2321758617972
c8143b3069f6746a77421b5ce30a450c,0.878924105347936,142.47,125.22031728892044
5e25c632f9db6cfb8bc100421c2737b6,0.8948160913998664,259.0,231.7573676725654
2cb4700db635baa1c0d4f90ed27b6669,0.9212578294420435,199.8,184.0673143225203
661ad5fcc28cdfb8bcadb12bb2272475,0.8381004209442924,209.93,175.9424213688353
1d953075c2f0dd990bacf27b83b330f1,0.7532142651218173,59.0,44.43964164218722
c1552b1dab6e6f760950368ae61fb600,0.8089282865113344,53.8,43.52034181430979
7d7d2b7a51328016102d4528c411d630,0.3485750113757265,918.8,320.2707204520175
b81e3a6c866a764974fe849821abeebd,0.7924249122318994,836.15,662.5860903627026
54219883e72aad869adfb2a54b7bfa0f,0.7703663780094575,6750.0,5199.973051563838
6dc9bec584588412a6a338830946a3e4,0.9834402689517516,280.0,275.36327530649044
4ba52dfeba874da5b9ee7b17c7494f04,0.8236799725129863,1463.0,1205.043799786499
f44bdc12aa39f5271f0b95f66cd4c289,0.8338124902910915,357.4999999999999,298.08796527906514
2a7c6c0b0d5efde2bf75ec1e1cec2d41,0.8962681653724548,147.6,132.28918120897433
9558aa23f77a9e0a0eca83540999f43b,0.9877093523451895,39.0,38.52066474146239
bede56095ba33c42038fb85f707b8a42,0.8201184595706666,3973.9,3259.0687464878724
21d59342ba150175ca2aa4f8faddeca6,0.809529622366668,259.9,210.396748853097
20a8b0dc55da94fe74d112082427c84f,0.8236747955041367,407.3999999999999,335.56511168838523
c1dde11f12d05c478f5de2d7319ad3b2,0.8536270170650381,12.5,10.670337713312977
63704069d9bd3a75c1cf59babe56004a,0.9491110823374985,59.3,56.28228718261366
4e92348462c75b6c842b994ce84a0ed4,0.8704460277131792,69.9,60.84417733715124
f3295428338a40977a03f555246a70f4,0.9006919794565089,644.9799999999999,580.9283129098591
293dee954235e4e4e43f129313625ebe,0.9335092620489855,1778.92,1660.6382964441814
9bf11dfc0bec77e5a23028043c3c5a8f,0.8924904813788949,115.0,102.63640535857292
485452467ff670447e84a8370c3fc898,0.9467313295987693,175.70000000000002,166.3406946105038
85044848b1b767db2a4a58526adef4b4,0.6949263549367825,240.60000000000002,167.19928099778988
f25e239052084705e17a982bc600ab2a,0.7266662601809808,7380.0,5362.797000135638
bcc9dd23e2a8bd8267cf92b19304a1b9,0.7454874726391064,202.79000000000002,151.1774045764844
3b18f9856c6eb2413eafedb58e9eecd9,0.8405634928036156,315.0,264.77750023313894
fcba71d4d5db057f43249145e4eb1e27,0.8377973305764006,494.55,414.3326698365589
cb810bd318f51b3dc3c753944d61a1fa,0.8581120553789465,1750.0,1501.6960969131565
2ec6e37d992a95eaddb3369dcbcc76d9,0.8742365205142631,159.8,139.70299597817927
d17f467e4bf608a510c20d82f4ba3b6b,0.872944740311406,2963.78,2587.216162440139
4ddeb3e828550cddc8d45c8bc36ab2d1,0.8893638188879066,152.0,135.1833004709618
2cb98e27ce1c18abdb42209b34c382a7,0.6100774625578488,62.49,38.12374063523997
7cf4ea70955b00d6b3c22542598e2715,0.8962720721991632,189.9,170.20206651062108
353e21e8bf8de2722b4fae1636664b76,0.888112921378028,208.0,184.7274876466298
14ee35374a7876217954b5fa08e50463,0.7394964146777183,809.0,598.2525994742741
7c51de0ab286204ce75ff42bf7c10d92,0.7426823615554342,759.0,563.6959124205746
c7c7b2682c648339a0e9846bb1023a39,0.9976417007618775,168.0,167.60380572799542
4125d9385a25e82d2f72d3a0fd55bc3f,0.6908913122202944,42.9,29.63923729425063
8ea394aed8138685abe1eb9f25e1021d,0.841246858608554,1340.0,1127.2707905354623
fc4751cfe3b279c419615b9b00c1abb4,0.8782255792212822,453.7,398.45094529269574
0bb27263628258b8111a0262769fa9db,0.8180711072090376,22.2,18.161178580040634
7f02656561b680def9986c0795a8a080,0.9794589251057713,42.0,41.137274854442396
72146da5774cabf2632faedcae097a76,0.8789137683190233,200.94,176.60893260602455
bd65d163ded559eb90a10cd09fec178f,0.8439967550941153,19.8,16.711135750863484
f43827dd686be3a4a80e00aa299990fb,0.8182773114849792,95.54,78.17821433927492
d180e07dc1e58c31c3f0cd599dc4d945,0.9985148078226042,58.8,58.712670699969124
c79151301b9d90985d1fa52879213105,0.9790370707733699,267.1,261.50080160356714
c18309219e789960add0b2255ca4b091,0.9139168771206456,9.9,9.047777083494392
791cfcfe22fe4a771ece27f90017da92,0.9841654668178504,298.13,293.40925062240575
4f1f1c8666cdb6442f775c4e8caed465,0.8936194765315327,944.98,844.4525329327678
14f2b3587172b9db894c9bad8dab520b,0.8744113813115185,244.0,213.35637704001053
422be4cc81a457fdb46f47edeb968ae5,0.848445288775411,239.9,203.54202477722112
271b8923c6a549e02d3c9fd1f8c0422b,0.4503125592586194,105.19,47.36837810841418
f3511c85f59f8dec53d140501ee8e7a8,0.8723473229247125,69.9,60.97707787243741
78a4d36f65a019172c6154468831a69f,0.8320320123635444,1545.5000000000002,1285.9054751078581
53336f97ddbe53e2a617d07b17447b95,0.8412827769666571,599.5,504.34902479151094
3a52d63a8f9daf5a28f3626d7eb9bd28,0.8587738672472269,35.0,30.057085353652944
3fadb4cba4c35bce6a7eaf9872d5623a,0.8674983078650073,209.5,181.740895497719
c8665a4dd081a2c436b1cd921079d0d9,0.6810006739022955,79.39,54.064643501103234
a72c2f59332659e361d647515c698798,0.793562714436959,802.9,637.1515034214344
5e9f5bd34e0830569f05c9d4f56e04a8,0.8368906480016682,239.98,200.83701770744034
a72f15980dc3e9bfd1a49ac9b2f3af65,0.8480803928603731,89.9,76.24242731814755
aadfe0417e61315688b6bd7043361e25,0.9017352968400318,289.9,261.4130625539252
1f2eebc0e970fd3c463e4f5d9652687a,0.8398784019621082,44.99,37.78612930427525
034b9387752bfa309f350a70cd45ffa3,0.8706915186326747,96.0,83.58638578873678
4305fe92735c8a43d154ff6dd2b8d927,0.9210697551471558,2606.100000000001,2400.3998888890037
da2782c804606d2a5d8e1760dbb3e7ec,0.8815808892543046,89.0,78.46069914363311
eaaa46e98c9e61f6764dd1d7a2ab8b3e,0.9400734987980843,98.0,92.12720288221226
d2572f31e9023e9850ef986a636ff9bf,0.8927875258836079,279.0,249.0877197215266
fc908879b9ca1bd65419e54e50432d38,0.8712075176927876,119.19999999999999,103.84793610898028
1c83418358f249c9d6affa52d579db0e,0.8398273329050104,24.9,20.91170058933476
7ab0dd5487bab2dc835337b244f689fb,0.7501889520095085,12.5,9.377361900118856
ec8463980a4e0ea9f8517aea1ed0c419,0.7065743518150223,239.20000000000002,169.01258495415334
a154d7316f158bb42e6fa18bbe3afd3a,0.997640446485234,139.8,139.47013441863572
4fe2f67634d00c021aa01f96b6f2d68e,0.5788603232331588,86.8,50.24507605663818
5d505d2298ad549e4e4e835562fa0c1e,0.8575317078190958,249.8,214.21142061321015
aec99834ab5d38ead22766ada8497e87,0.8937273570265851,459.0,410.22085687520257
08d1c9478fb0d7d7fcac9c0da4e82fc7,0.8314088767483072,538.0,447.2979756905893
3d3ccf2b2f8134b10dce9dd446f0e075,0.6221865519382236,608.5999999999999,378.66273550960284
ccada0ef508e698917a6eab263375905,0.8904606743890956,172.8,153.87160453443573
698f5fa55a5f73d0740e9d9a773e8093,0.7581528863243124,120.0,90.97834635891749
6d2f2e3b539480db1e0842b3a4e32e6e,0.8449040332016196,305.96000000000004,258.50683799836753
caa9bc43a9fe8cf9c564ddd8a03cc4a6,0.5746571263454856,803.87,461.94962415534553
83c8aafbefb034674a70de0eac5b8954,0.8924219074061801,134.9,120.38771530909371
c611f4ce9ce875bcc063fa97fd4d7d12,0.929391049137106,319.0,296.4757446747368
bb5d956dece964a06c12bceb66b923ae,0.879043368165849,1278.36,1123.7338801284948
466222e777149751370e7e98fb623b0c,0.8781650201189671,87.9,77.19070526845722
1b0b0f4f95e962d6f32fe90c759d0479,0.8091793839543131,139.8,113.12327787681298
c161d1327ebc3a156c09582ab2f59f6c,0.9573299358663874,35.99,34.454304391831286
13511db12ac61e2f89c53b72a944a60b,0.569212136710944,798.0,454.23128509533325
f1ce5fdecd64935c28b9ff932751d0dc,0.8464008531992006,158.0,133.7313348054737
94c49f20a123aeb9360dbf80ff912bf6,0.8038213542265853,277.75,223.26138113643407
5305693ffae2d3463377b1f6fe67b15a,0.9976717579474477,93.56,93.3421696735632
52ac6f920b7280e4c6d30dd94de6259b,0.896257714920638,5657.300000000001,5070.398770620526
2039c5e51785b5dde7cf93ccb3b7be2c,0.7155343894372508,159.9,114.4139488710164
630008e0f062605a415d694489f6f82e,0.9941038645671535,35.35,35.14157161244888
1ca4bdb0cd7fc48e949bac066188ed26,0.9768086424577168,1140.0,1113.561852401797
de09d00cfc265b8804c7df34075a68fa,0.8244787030875418,784.0,646.3913032206327
d4f91e8be86b38da2ee35bc489645a9d,0.8588082235883086,49.99,42.931823097179546
0951a6e282947e09cd47969f4ed0b47f,0.8267590600231861,492.29999999999995,407.0134852494145
c43d924a0f1688ee9fae0efcd6f539d4,0.803807394493321,29.9,24.033841095350294
b5bb2b985208834bd5bd86c7a402bbad,0.8916728922610649,621.06,553.782366467657
c4f7fee5b0db50e87766f5a4d1b1b758,0.9867866779648389,2762.0299999999997,2725.5344081392236
167fd940acebc789debd6eb418c46e38,0.8356897651663779,1077.5800000000002,900.5225771479857
7f35f9daf223da737b78738fbae4d977,0.7725816149012289,252.0,194.6905669551097
89d9a386b0b6e5fc8403071b03f7206a,0.99764165629536,167.0,166.60615660132513
c353f8fc0ce8344999f17d578eb69a5e,0.8690572556353555,175.98,152.93669584670985
152ee17e4c8aaf53dac99f3462e4999b,0.7818751799821887,308.96000000000004,241.56815560729706
15fa791d5e017f66402dc28c44480657,0.8743534971404614,1802.0,1575.5850018471115
bec568278124768c474ee90971ca94d1,0.7192343470425726,219.9,158.15963291466173
939f6e231201f26803cb5c3a3d2940b3,0.8444692324542254,130.6,110.28768175852184
e8ff5a6ceb895583033fc2a0f314e3c2,0.8798117060374123,139.89,123.0768595575736
83f2b4881141ce3fcd4e985125d3279e,0.8785129885372628,60.699999999999996,53.32573840421185
d4a5e99e0dd915df64ba55a7fbd583fd,0.8089614399843849,65.15,52.70383781498268
2fb25ab44bdbeae6a4d816e0d0c9d500,0.7584708294134089,683.08,518.0962541557114
4d232b78ab7ef10393dc3807d827bc0d,0.8486612774732352,1475.0,1251.775384273022
89f69225956f951295ca4c7fb1266553,0.794765719657508,1041.3000000000002,827.5895438793632
a90a5da8b09e44264a177c0374a5ac87,0.92337085119034,74.69999999999999,68.9758025839184
cf654707ed6a99f112c7ec3d6f314b8b,0.8244021086217288,756.0,623.247994118027
80cfd480be3eb6d6267139f5cb793555,0.8611129346666946,99.9,86.0251821732028
6b89abe95848c850399130d149a39b63,0.9985039464746536,1135.2,1133.5016800380267
aa17b35ce4de7b565be3249ba838944f,0.8571387267249471,79.8,68.39967039265078
3a79f35a2344ede41af21267f61d5ec6,0.9976758126006832,186.0,185.56770114372708
4e42581f08e8cfc7c090f930bac4552a,0.9918870451469728,98.0,97.20493042440333
a56e351445e5863fc8960640ba9190c7,0.7284954370112752,760.92,554.3267479306195
5733d806668f8712c24b9abaefbfa642,0.8512091532051576,243.8,207.52479155141742
5a9b3bcab695173c820e53934574ae80,0.8481999147863459,139.0,117.89978815530209
4bcec44888b30ba9001234c534716d3f,0.8025028633257155,146.0,117.16541804555446
328acb143b4a73aad6bee8e734f5d20d,0.8246010257262494,699.98,577.20422598786
6025c79c035c3d772133b8b8238463b2,0.7140514194354827,989.74,706.7252518720746
6562efe88ce0826a4ca4f189f03b4b84,0.9325975842550677,1075.9999999999998,1003.4750006584526
f9f68daa2af419d38f745478bcb3da1a,0.984716194099806,11.2,11.028821373917827
612a743d294c27884fb7b80d2b19ba35,0.9077970842779891,3057.7000000000003,2775.7711445968075
8c3b533c63cca56240f94f1e3a6b18ef,0.9825037087878545,1849.5,1817.140609403137
58c851d1a3c7cd3da329eb59453fed44,0.79286385404772,268.99,213.2724481002962
1c742ac33582852aaf3bcfbf5893abcf,0.7609593184004266,97.9,74.49791727140177
bac44fa8e13424950488659b5f765c41,0.8479098614445766,19.9,16.873406242747073
65a7c0788e4d632ccb5e1b594b87f0bb,0.9479092821446096,266.70000000000005,252.80740554796742
9b00cad94ef3078faf6fba2e792c158f,0.9057028420329963,354.9,321.4339386375104
606ce7768feac12c5e8bd58db8b08f0f,0.8401275294640634,2916.6,2450.3159524348875
81ed90f07c0bacb7594940ba2ef676aa,0.823526122043558,223.9,184.38749872555263
417a1e6c7321084d2a0ae0d023cfad93,0.8755683014706989,48.9,42.81528994191717
4e326052e5dbba8adcd512f3450a307e,0.8373603803694964,570.0,477.29541681061295
941554c5757b73ba0e50aa7732310afc,0.9272268054727449,107.69,99.85305468135991
e433f5fd4050e3352b5d83522b7fe24b,0.825672813545302,548.06,452.51824219163814
b43d8b707f887a30f4675391098354a0,0.8891519648800045,1342.0,1193.241936868966
1f7fd2a6fcd5a6fa5d8a4dabc72aaae0,0.8734390608242115,531.8,464.49489254631567
0bebbb2cea103a4a020c95d43fd7d754,0.7714933877283127,1367.2,1054.785759702149
778323240ce2830d68aab11794e00bfb,0.8071148420915922,189.98000000000002,153.3356777005607
78ba5933c21686d1c2f64669c8c459e7,0.6203785343656476,191.8,118.98860289133121
4dc646b9b9e8e411ef48ba000ea3ac6f,0.8389694524014095,289.7,243.04945036068833
7816cd9c5b1238e320545f5bf7eb80e8,0.8147430161202127,489.0,398.40933488278404
c0e6839516f5398edc34adf5f1d53d1a,0.9929870789813512,34.92,34.67510879802879
6179a28a13a726c29b3bf54c070dccab,0.994028613797007,300.0,298.20858413910213
934ed5cd1b9c1c7382d0a94a94b9e639,0.9985360699992049,125.85,125.66576440939993
7c4adcc13272c0e26fa23aac642adb7b,0.8767268625974395,135.0,118.35812645065432
ebd1417732defaf66c50b5a800eb293e,0.9276722798625378,309.0,286.65073447752417
6a53b90c3ad9e0b56d9fe5c69165fff5,0.7265776835653753,139.78,101.56102860876817
a35124e2d763d7ca3fbe3b97d143200f,0.9266496464080073,411.5,381.316329496895
a67780aba9dd436e7ac0aa1f889e73ec,0.8433813989295204,863.0,727.8381472761761
d93844a9c55ba7ce353388bcf849ea56,0.8885933728587055,2708.500000000001,2406.755150387805
f1c1ac3f3efc07e659c035008e615e66,0.9650407528854825,2294.959999999999,2214.729926242066
6f835fd4be26989b1b064399da346143,0.6666989214489795,197.8,131.87304666260815
e5c84227854980f1db19a58958c551d9,0.8567183399879852,72.81,62.377662334525205
8ccf3cf69651cc1d8a02c8bfaf3b8568,0.8524013567319532,250.0,213.10033918298828
a7d0f8dd44f57ef6de7f7f02e3d82630,0.6382954261822807,73.78999999999999,47.09981949799049
cad10cc982ab6a391570c211b995c17c,0.6675921447688531,47.4,31.643867662043636
3289d8c3eef4873f91ce0b1343c0dd58,0.7806466438922929,199.99,156.12152231201966
483ca627d131e18f988349b1655c0acd,0.8117311801665456,264.0,214.29703156396803
54583ab379489add547fe47b628db589,0.6364674302373167,2240.0,1425.6870437315893
c7b7db6c8f3c64a7cc1afa634db21d50,0.8221606893891132,1489.0,1224.1972665003896
f8f35af4634605e6693c17cc3ffff5a8,0.8760652859647436,90.0,78.84587573682693
5996cddab893a4652a15592fb58ab8db,0.9299975970173426,810.0,753.2980535840476
0b64bcdb0784abc139af04077d49a20e,0.8656921762087216,137.6,119.1192434463201
119c7f1a00ef43fad0e57604e76a747c,0.8093252548786846,189.8,153.60993337597435
7494d0dcba8551df6cf37f1b905dc2f7,0.853705872952107,45.9,39.18509956850171
20f0aeea30bc3b8c4420be8ced4226c0,0.7501974525031706,14.9,11.177942042297243
6a3139c7bf09ece22a4713d956acbe5e,0.8588355157421683,61.9,53.161918424440216
0f80a40c312b2472dca482cf50f5186f,0.844270538007043,129.9,109.67074288711488
c3251e13f1bbda6c74e37c160f991e19,0.7696678092152153,437.79999999999995,336.9605668744212
3fefda3299e6dfaea3466ef346a3571a,0.9101257990933175,209.0,190.21629201050337
7178e1eaa97257d8b6d4b80efd77a025,0.8401905539683754,167.9,141.06799401129024
c286ec035ee04ba81c97508f0b5df544,0.9899866015197495,294.0,291.05606084680636
2e2f44824ab87a0cb961f68bf4073e7f,0.9985339176297702,48.0,47.92962804622897
26e2e5033827d2ba53929f43e03d8ffe,0.8482011071821768,139.49,118.31557244084185
7d81e74a4755b552267cd5e081563028,0.6064549684438966,32.5,19.70978647442664
497709c2976a8fa308730a2dec5b0726,0.8610589032713355,76.0,65.4404766486215
77128dec4bec4878c37ab7d6169d6f26,0.8397805482871128,6.5,5.458573563866233
cc80e2f693fa6e2408f47ccf62413fc1,0.8929381197892408,420.0,375.0340103114811
4c60877808f4318ef1107fbeb8f89afa,0.8520872062614924,118.0,100.5462903388561
3ef37b7ca6dd2b80bd8af81a62504996,0.8889787842810868,700.0,622.2851489967608
efb628aa07c8ca93d7db0d85b91a4f5a,0.8776801109726304,204.0,179.04674263841662
ba89796db68db180bd389de96b2ff3b6,0.8102330524272537,309.8,251.01019964196323
f356c348fbc8df6a882823e21f5ce8b7,0.8743100206542365,195.18,170.64782983129388
fce62094ffe6a4009188ec44e681dfdd,0.8450570757497258,2969.7000000000003,2509.5659978539607
0e44d110fa6a54e121cb2c095a77762f,0.852654723470451,223.32,190.4148528454211
5a32c398a06c345440bf2a683b017ad3,0.9961008504234883,34.9,34.76391967977974
38f276ca6e7cc95a6d1bb55ac9e5550f,0.9976687457348637,24.99,24.931741955914244
c8771b1a10bb99bb34d3c459c5cffb53,0.8422170686040344,64.9,54.65988775240184
95cca791657aabeff15a07eb152d7841,0.9062696758346702,9.99,9.053634061588356
4bf658053d453036c70976bccb2c31b2,0.8428765918863199,1742.99,1469.1254708919369
26562f211dd1364af2a8596dc945e8ae,0.7697408073914769,99.0,76.20433993175621
3da38366e7bd9baf6369071f782ecdf0,0.9057164459625942,59.47,53.862957041395475
bd0a1b0aadca9a83d9304f7e8ff5fbd5,0.8820490797837728,150.6,132.83659141543617
570d4583587a5fe2d47c7be89b91ad27,0.8091369194998627,125.25,101.34439916735779
6614814a00d344b846ae209f95ee7e3f,0.8397970767249958,13.0,10.917361997424946
ea4e9ce63a2134743b4a92777437fcdd,0.7039132782858457,316.6,222.85894390529876
57a834594e1e9e9219603bfec184eadc,0.8583145174762467,139.0,119.30571792919828
8de8fe3af4449ed695d2434c933ed73e,0.6448590242753951,2090.0,1347.7553607355758
447d377bdb757058acb569025ee18a93,0.7634568826891069,64.99,49.617062805965055
c3ee2331a724e6fc02c4b698b57a73f3,0.8412645262975504,1347.0,1133.1833169228005
9485a23c0430ba1d58d359391606fce6,0.9295927045564061,830.9,772.3985782159178
723a46b89fd5c3ed78ccdf039e33ac63,0.8920380331063323,66.64,59.44541452620599
c52c644cc0dc85121207a27013efc6af,0.8981205561072368,397.8,357.27235721945885
6d7f8d9d594e28796b6b3205b00f459c,0.8967421588621892,417.9,374.74854818850883
b00af24704019bd2e1b335e70ad11f7c,0.9172956249320173,189.0,173.36887311215128
8a40ae794fa3f9892cee24bd5af0488b,0.8440221896472093,739.85,624.4498170104879
2c9005d8043aff18b8557ffb7b13cda4,0.9270359481974096,109.9,101.88125070689533
712efd3b68f9686dc856b84abd0f21ae,0.9222039833715087,139.0,128.1863536886397
376d67b61dce0c990155286e7ae486a4,0.8112396729450098,94.0,76.25652925683092
c9d2ba8dde44a275ae06475ed1d2fafc,0.8923340436833106,28.79,25.690297117642512
28a26ebce31d5918b181ede016fd693b,0.8707880923992355,29.9,26.03656396273714
9e94fa26a70ede4d26226e918e8706a2,0.8181852814910884,62.8,51.382035677640346
204b4e07bddef3c9b317f70189135b22,0.825179646069121,73.4,60.56818602147349
d1a5cc844736958c11b8efab9a2b4c87,0.8990451640582501,237.6,213.61313098024021
8629a7efec1aab257e58cda559f03ba7,0.907814245792497,45.22,41.051360194736716
db6a4d4b5f1f5f98820ce6ce2619e2de,0.9088563330008063,135.99,123.59537272477965
a1040efe9ff4a6f93c28b0499eada8f5,0.8439378781429748,1658.83,1399.949470399911
f0ec78809fe0bc3edb11c9fe5b97b059,0.5678531580687984,62.599999999999994,35.54760769510678
28c7d8743fbc8679f484868cc0fcaefb,0.7058120966332031,201.5,142.22113747159042
11742f81550ac064cc9a40f67151d9ad,0.7452559182446526,781.9,582.7156024754939
49cdc90518a4f82676b38b3c1aa43ff6,0.6962368951437921,1539.5,1071.8567000738678
9fbd5666d8618fa571c4230fafa09bd6,0.8408682002200292,79.9,67.18536919758033
4fae87d32467e18eb46e4a76a0a0b9ce,0.7322761553849515,100.9,73.88666407834161
5e106d93b717c2682b9383da480364a1,0.9034161738397456,445.9,402.8332719151425
a09a13f18ed27932d08438aa6f12756e,0.953433442563735,29.9,28.507659932655674
9b1ab052f5fca308ba743ac789ebb2e1,0.9162261394970628,294.09000000000003,269.45294536469123
296729ffb9b684050dd24836dac4494a,0.6090988383744231,114.0,69.43726757468424
740205fedfe4e90ca6857bc77db0f2b4,0.896342334275689,229.9,206.0691026499809
011b0eaba87386a2ae96a7d32bb531d1,0.8112569791298827,99.98,81.10947277340567
ccbd753e6863fe7314dc6c0ca5a074e7,0.8812246308924279,495.0,436.2061922917518
a080fc8a850289b27500f6b49cca2553,0.7583001437560486,383.0,290.4289550585666
499185655c29ecfdbfe776ef7cf875b5,0.824674475561641,89.0,73.39602832498605
94165aea8a35c3c21499cbcae239b16c,0.8226121710639538,180.0,148.0701907915117
9599519be538b98748162a2b48248960,0.8599957425227631,570.0,490.19757323797495
4cc43a222a0f94910728b62b97a8c5f8,0.8442173538609913,108.5,91.59758289391755
749e7cdabbaf72f16677859e27874ba5,0.9976694889355026,41.9,41.802351586397556
48e5ee06fb2dc74df1c711a9b6dfac2a,0.8126751992509293,57.0,46.32248635730297
8dd386be0767c330276ea6a3f96532d3,0.8945150512434163,89.98,80.4884643108826
59de1d4c8c057c2a53acd4ca66531af2,0.902902250952855,135.0,121.89180387863543
720e6cf846ea7572cbb66b743fb91e6c,0.811123881199351,54.0,43.80068958476495
a3b42d266fa8afc874b909422ce88582,0.8555689546380671,839.4,718.1645805231935
50bf89f1349bc0409a268c3a49678009,0.8482994168705026,179.9,152.60906509500342
9ef932e837d8b7f392c0bfee9d359dc2,0.9976702797823147,59.9,59.76044975896065
ab75b89cc49c9ab3160d0c91565a442a,0.984989803696658,18.99,18.704956372199533
eb1bf309f4f6af9a97e9ddac3fdbeabe,0.8587447540075083,22.3,19.150008014367437
ce33c6211beaa8fef4cae8b52db39862,0.8588059547725163,49.0,42.0814917838533
6c77cd583b36a13aacccf2b3ee23e233,0.8479074241437998,18.9,16.025450316317816
4867209cb29b56b92893d7bde3ce8012,0.7059148507697908,150.0,105.88722761546862
533d46c1b06970e99f09523a61df4972,0.862443706608825,159.98,137.97374418327982
70ee69419916dc13e3aed619061f996c,0.8479710271957176,45.0,38.15869622380729
0f519b0d2e5eb2227c93dd25038bfc01,0.8480560408426577,79.9,67.75967766332836
d8b8f2cf9ff6ba0389072541cb42498c,0.8789372381519528,149.0,130.96164848464096
b3809b8d4394588a47c8470ea331e135,0.7593692128803023,89.0,67.5838599463469
d7b2377bae6ace1b11fc69a11900ac36,0.9433693878061281,239.70000000000002,226.12564225712893
04843805947f0fc584fc1969b6e50fe7,0.7343221870476043,1400.0,1028.051061866646
a9ae440659f48b7849df83e82734150b,0.8413862029962704,285.0,239.79506785393707
5d043cd5512d4bd2f88e5ccdd5736c38,0.8601776902574936,650.0,559.1154986673708
913fd0ebba70bb919f7254a02239173c,0.8805601364532909,159.9,140.80156581888122
2235cf78d3e2073a88146a9cb60f0dd0,0.8402186947625127,178.99,150.39074417554215
dde698c6d0bd24834c586e5111c2bba7,0.8669160639817053,155.9,135.15221437474787
0b09101900100c0e9d312861fad5a1b9,0.8482358049660376,153.75,130.41625501352829
29c322e3f09f886f8bacbe91dfbd979e,0.8920058848653275,48.98,43.69044824070374
028872bfa080090a9d0abd4f1af168f8,0.9985151357144982,70.5,70.39531706787213
038b75b729c8a9a04b0d07cba7eabe86,0.8171976877959499,467.0,381.6313202007086
d7827b2af99326a03b0ed9c7a24db0d3,0.8823966558775365,1455.0,1283.8871343018156
4cc4fd4fdd406a85bbdc1f824b731bd7,0.8945083191455316,539.98,483.0166021722042
